PredictedHours,ComponentType,StructureType,CoolRate,QuenchDuration,ForgeDuration,HeatProcessTime,NickelComposition,IronComposition,CobaltComposition,ChromiumComposition,MinorDefects,MajorDefects,EdgeDefects,InitialPosition,FormationMethod
1582.804,Nozzle,colGrain,24.316,3.924,2.885,15.97,60.224,28.97,6.37,2.986,19,1,0,Bottom,Investment
1004.173,Valve,colGrain,7.879,1.368,2.473,32.193,60.33,25.513,10.605,2.393,3,0,0,Bottom,Investment
1456.808,Blade,equiGrain,10.81,1.451,4.886,35.644,64.177,22.676,12.196,0.763,0,0,0,Top,Investment
1583.716,Valve,colGrain,19.929,4.246,7.676,50.56,57.79,26.105,13.134,3.051,58,0,0,Top,Investment
870.509,Valve,singleGrain,23.643,1.193,8.077,52.641,52.601,26.667,19.974,1.5,28,0,4,Bottom,Continuous
1552.738,Blade,singleGrain,12.883,3.002,5.767,26.447,64.534,24.677,8.866,1.061,14,0,0,Bottom,Die
1271.802,Block,singleGrain,29.369,3.954,3.329,26.701,59.451,27.108,9.998,4.356,23,0,0,Top,Die
1577.965,Nozzle,equiGrain,24.892,1.366,4.964,33.393,60.496,24.794,9.885,4.25,25,0,0,Bottom,Investment
1171.03,Valve,singleGrain,13.087,2.519,2.115,14.925,53.164,32.414,12.623,0.754,4,0,0,Top,Continuous
1099.843,Nozzle,singleGrain,5.029,3.396,1.641,3.737,57.194,28.007,10.45,3.299,0,0,0,Top,Die
1410.795,Valve,equiGrain,20.19,1.396,7.906,48.723,51.988,29.189,15.02,3.158,20,3,0,Bottom,Die
948.468,Valve,equiGrain,27.83,4.197,3.722,3.813,59.822,23.131,13.981,1.835,45,2,0,Top,Investment
1030.209,Valve,colGrain,27.544,4.633,1.991,32.521,61.955,16.343,17.115,4.668,40,0,0,Top,Investment
1591.109,Valve,equiGrain,19.356,4.762,3.048,58.334,59.107,28.391,9.289,1.778,13,0,0,Bottom,Continuous
1358.487,Blade,singleGrain,11.192,1.714,1.087,49.129,64.097,20.253,10.889,3.832,8,0,3,Bottom,Investment
1251.122,Block,singleGrain,22.193,0.825,9.431,50.24,57.088,28.717,9.292,4.883,25,0,6,Bottom,Investment
592.126,Valve,colGrain,28.551,2.521,4.519,49.372,51.271,32.453,13.314,3.638,28,3,0,Bottom,Investment
1782.022,Valve,equiGrain,19.089,0.492,3.297,47.811,58.482,24.271,13.598,3.39,23,0,0,Top,Continuous
747.162,Valve,singleGrain,27.852,4.124,7.611,16.286,57.492,30.14,12.83,0.684,38,0,7,Top,Die
1212.878,Block,singleGrain,29.139,2.52,7.008,30.688,68.134,8.323,19.129,4.835,19,0,0,Top,Investment
1942.106,Nozzle,colGrain,16.237,3.486,4.513,27.717,62.459,19.855,17.017,0.978,14,0,0,Top,Investment
1428.398,Valve,colGrain,11.823,3.43,6.88,24.881,67.797,18.229,11.064,2.937,11,3,0,Bottom,Die
1715.46,Block,equiGrain,20.353,1.599,4.268,5.857,56.921,29.245,14.013,0.561,17,4,0,Bottom,Continuous
1656.127,Valve,equiGrain,16.674,0.659,8.559,7.094,57.985,20.308,17.481,4.543,28,0,0,Top,Continuous
1881.552,Block,equiGrain,16.074,4.707,1.351,40.421,68.905,18.049,12.734,1.747,25,2,0,Top,Die
707.101,Blade,equiGrain,28.418,0.772,1.327,9.639,52.565,36.486,8.927,3.355,35,3,0,Bottom,Investment
424.024,Block,singleGrain,30.556,2.626,9.233,59.313,52.051,30.474,16.586,0.916,31,0,8,Bottom,Die
1230.484,Nozzle,equiGrain,9.132,3.921,4.567,8.86,66.282,24.086,5.661,4.114,15,2,0,Top,Continuous
1578.035,Nozzle,singleGrain,21.206,3.213,8.161,52.683,62.875,25.426,6.548,3.776,17,0,0,Top,Investment
949.253,Valve,singleGrain,28.63,4.493,1.079,11.506,56.754,35.388,6.039,1.291,22,0,0,Bottom,Die
982.863,Valve,colGrain,7.068,1.944,1.698,14.26,63.917,17.791,17.749,1.681,0,0,0,Top,Investment
1221.002,Blade,singleGrain,26.261,4.69,9.207,22.672,63.269,27.778,7.129,1.071,24,0,0,Top,Continuous
949.981,Blade,colGrain,8.863,3.634,7.01,15.762,53.347,32.797,9.993,3.217,4,0,0,Bottom,Continuous
1606.302,Nozzle,singleGrain,14.757,4.063,7.7,25.904,61.591,17.877,18.344,1.14,10,0,0,Bottom,Die
1781.758,Valve,colGrain,18.712,4.218,2.529,8.066,66.055,27.346,6.021,0.561,23,0,0,Top,Investment
984.946,Valve,singleGrain,25.096,0.772,7.924,30.607,50.516,37.105,9.785,2.373,22,0,0,Bottom,Investment
1173.074,Nozzle,singleGrain,29.676,0.756,8.125,8.98,60.713,20.461,15.384,3.533,37,0,0,Top,Die
1516.963,Block,singleGrain,20.902,3.18,1.565,2.868,58.61,23.694,15.171,3.206,26,0,6,Bottom,Continuous
1774.971,Valve,equiGrain,17.889,0.705,4.052,17.76,69.641,8.09,19.644,3.427,18,3,0,Bottom,Die
958.786,Nozzle,equiGrain,6.119,3.516,8.663,50.58,58.109,28.15,10.538,2.752,13,0,0,Top,Investment
1086.37,Nozzle,colGrain,9.084,1.99,2.201,20.009,56.665,23.436,17.04,2.827,0,1,0,Top,Continuous
628.103,Valve,colGrain,27.987,2.797,1.924,8.82,51.534,33.374,15.026,0.735,37,0,0,Top,Continuous
1367.65,Blade,singleGrain,13.83,1.689,2.931,25.792,57.549,30.29,7.071,4.18,12,0,7,Bottom,Continuous
1246.943,Block,equiGrain,6.863,3.032,6.458,28.141,65.122,18.44,13.491,1.948,0,0,0,Bottom,Investment
1123.532,Nozzle,colGrain,30.257,4.081,4.348,4.316,65.58,18.717,14.531,1.194,34,0,0,Top,Die
863.232,Blade,equiGrain,26.626,3.772,1.798,59.944,67.435,18.075,11.521,4.528,35,0,0,Top,Investment
1667.641,Block,singleGrain,24.955,4.037,5.518,18.098,61.945,25.857,11.848,0.731,23,0,0,Bottom,Continuous
884.577,Block,singleGrain,6.043,0.838,9.606,36.589,54.895,30.464,13.061,1.124,19,0,0,Top,Investment
1218.606,Block,singleGrain,26.463,3.355,5.514,1.977,68.267,10.076,16.729,4.11,33,0,0,Bottom,Die
1555.217,Valve,equiGrain,22.621,2.455,6.491,31.867,66.818,20.446,11.621,2.694,33,0,0,Top,Continuous
1903.874,Valve,singleGrain,17.941,2.856,4.911,18.472,67.215,12.379,18.42,2.738,17,0,0,Bottom,Die
588.719,Block,equiGrain,27.618,1.589,6.573,60.006,52.749,32.974,12.087,1.779,20,2,0,Top,Investment
1081.601,Nozzle,equiGrain,7.005,1.795,7.919,31.058,56.728,29.039,11.156,2.527,14,0,0,Top,Continuous
420.8,Valve,singleGrain,7.015,4.832,9.204,24.16,49.978,43.636,5.338,0.941,1,0,7,Bottom,Die
1345.983,Nozzle,equiGrain,15.07,3.239,6.415,51.876,55.883,26.008,14.044,3.925,10,0,0,Bottom,Die
890.224,Nozzle,singleGrain,25.708,1.687,3.883,47.454,54.119,38.114,5.202,3.442,26,0,0,Top,Investment
1163.046,Nozzle,colGrain,10.171,3.198,9.44,13.742,59.581,29.281,7.779,3.194,0,2,0,Top,Continuous
1189.777,Nozzle,equiGrain,25.386,1.595,4.4,56.975,55.954,26.143,14.544,4.402,18,0,0,Bottom,Continuous
916.174,Nozzle,singleGrain,5.024,1.377,4.379,56.379,56.426,21.557,18.282,2.512,0,0,0,Bottom,Continuous
651.53,Valve,colGrain,28.178,4.496,3.871,17.942,49.471,33.916,12.389,3.928,21,4,0,Top,Investment
1783.938,Blade,equiGrain,19.094,1.359,1.742,10.741,58.566,24.427,15.14,1.04,40,0,0,Top,Continuous
1479.746,Valve,singleGrain,23.566,1.255,5.817,29.178,69.847,20.175,6.49,3.079,22,0,0,Bottom,Continuous
1514.587,Blade,equiGrain,14.812,2.443,3.208,35.86,66.215,10.537,17.819,4.553,0,1,0,Top,Die
1197.574,Block,colGrain,8.961,0.753,9.45,28.91,60.43,19.458,16.919,2.858,0,0,0,Top,Investment
1182.022,Block,singleGrain,28.909,2.083,3.155,17.859,70.95,16.932,8.845,4.736,38,0,0,Top,Die
1423.516,Blade,singleGrain,24.632,2.825,7.477,38.307,57.38,25.499,13.294,4.567,24,0,0,Bottom,Die
1453.494,Valve,equiGrain,18.674,4.169,8.27,8.638,52.67,27.53,17.927,2.157,27,0,0,Top,Die
1155.626,Nozzle,singleGrain,5.919,4.193,4.775,26.625,56.866,26.255,13.114,3.202,22,0,0,Top,Continuous
1165.589,Blade,singleGrain,26.835,1.613,9.555,12.912,68.395,10.328,17.452,3.926,29,0,0,Top,Die
1186.212,Blade,singleGrain,8.961,3.347,6.532,2.162,65.282,19.403,12.249,2.901,0,0,0,Bottom,Continuous
668.462,Nozzle,singleGrain,27.706,0.644,6.943,54.851,52.321,23.969,18.172,4.677,36,0,0,Bottom,Die
1315.721,Block,singleGrain,29.719,4.474,4.088,49.277,65.68,19.743,12.959,2.171,28,0,0,Bottom,Continuous
1505.728,Block,singleGrain,13.028,3.586,4.348,3.039,56.405,31.08,10.352,2.138,7,0,0,Bottom,Continuous
1276.716,Block,colGrain,12.142,1.948,5.607,41.357,51.395,25.114,19.035,4.525,14,0,0,Top,Continuous
1587.299,Nozzle,equiGrain,10.825,2.784,8.0,43.92,62.466,26.968,7.236,2.941,22,0,0,Top,Investment
993.995,Valve,colGrain,9.996,3.748,6.698,23.054,66.564,14.337,17.928,0.618,0,0,0,Bottom,Die
953.531,Blade,colGrain,7.133,0.958,7.744,17.786,58.543,24.437,16.059,1.027,0,0,0,Bottom,Continuous
724.836,Nozzle,colGrain,28.832,1.817,4.341,21.11,51.237,39.489,9.176,1.026,13,0,0,Top,Investment
1159.269,Nozzle,equiGrain,8.852,4.284,3.3,49.111,62.372,18.468,16.119,2.513,4,2,0,Top,Continuous
1852.952,Valve,colGrain,19.104,2.974,6.858,31.029,63.753,23.158,7.187,4.599,33,0,0,Top,Die
1563.776,Block,colGrain,24.904,0.695,3.456,11.517,69.524,9.201,17.894,3.325,21,2,0,Top,Continuous
1443.962,Blade,equiGrain,24.572,0.774,9.271,16.03,70.226,13.091,14.661,3.041,25,0,0,Bottom,Investment
839.486,Valve,colGrain,29.623,3.107,2.516,26.262,56.123,23.657,18.87,1.351,37,1,0,Top,Die
1221.697,Block,equiGrain,5.975,1.918,7.822,9.635,59.526,21.39,15.103,3.342,2,0,0,Bottom,Continuous
1215.983,Block,singleGrain,29.942,2.136,1.369,14.459,68.787,10.125,16.312,3.658,44,0,0,Top,Investment
997.883,Nozzle,singleGrain,29.226,1.467,6.086,4.987,54.836,35.392,5.766,3.607,33,0,0,Bottom,Investment
992.557,Valve,colGrain,7.026,4.14,8.121,32.1,61.526,30.561,7.014,1.193,3,0,0,Top,Die
1506.32,Blade,equiGrain,23.169,3.389,3.221,41.782,61.741,22.927,9.443,4.905,16,0,0,Top,Die
1339.557,Nozzle,colGrain,23.783,1.395,1.611,14.632,56.323,30.899,12.994,1.005,23,0,0,Bottom,Continuous
1430.83,Nozzle,equiGrain,21.638,1.54,2.855,1.563,66.871,22.576,8.46,1.496,29,0,0,Top,Die
1154.278,Nozzle,colGrain,29.928,3.122,2.738,33.303,60.606,18.172,18.532,2.144,31,0,0,Bottom,Investment
1920.196,Block,colGrain,20.173,1.101,4.276,41.337,66.615,14.696,17.358,0.897,18,1,0,Bottom,Die
1360.331,Block,singleGrain,27.977,1.829,4.048,28.966,62.016,16.144,17.551,3.086,32,0,0,Bottom,Die
1832.859,Blade,equiGrain,17.34,1.346,8.085,27.512,69.159,19.702,7.293,3.467,16,0,0,Bottom,Investment
1259.184,Nozzle,singleGrain,21.103,2.499,8.555,12.076,52.582,28.422,14.013,4.749,22,0,0,Bottom,Die
466.495,Blade,singleGrain,6.089,2.448,8.98,56.65,52.271,28.588,19.921,0.506,2,0,0,Bottom,Die
1174.643,Block,colGrain,9.11,2.23,8.335,30.627,65.272,19.411,13.788,1.911,0,1,0,Bottom,Investment
1196.114,Nozzle,singleGrain,25.139,3.087,4.15,47.907,50.594,27.77,19.225,2.62,23,0,0,Bottom,Continuous
1545.105,Block,equiGrain,16.223,1.496,9.422,51.182,53.483,36.466,8.869,1.089,21,0,0,Bottom,Continuous
1128.554,Block,equiGrain,25.253,2.85,3.702,57.35,52.836,35.356,8.549,2.241,24,3,0,Bottom,Continuous
1575.493,Nozzle,singleGrain,15.748,0.91,8.595,36.877,51.516,31.196,14.216,3.524,22,0,1,Bottom,Continuous
1115.817,Valve,equiGrain,30.564,3.818,6.051,22.4,63.22,17.735,15.878,2.962,28,0,0,Bottom,Investment
1842.124,Valve,singleGrain,20.036,4.427,8.622,24.532,64.032,27.142,7.602,1.221,20,0,2,Bottom,Continuous
1316.475,Blade,equiGrain,10.798,2.627,5.77,55.369,69.791,8.389,19.156,3.689,6,0,0,Top,Investment
1110.67,Blade,colGrain,28.715,4.69,3.502,9.708,63.48,23.032,13.715,1.254,37,0,0,Bottom,Die
1317.142,Block,singleGrain,26.929,0.539,4.333,5.91,64.458,12.378,19.218,4.373,35,0,0,Bottom,Continuous
830.048,Blade,singleGrain,5.095,4.332,1.341,51.434,56.444,30.642,9.623,3.995,1,0,0,Top,Investment
1404.134,Blade,equiGrain,13.733,0.581,7.3,23.366,60.471,24.79,10.975,4.602,9,0,0,Bottom,Investment
1765.92,Blade,singleGrain,18.127,2.501,5.269,23.65,63.528,17.885,13.629,4.881,20,0,6,Bottom,Die
1887.338,Block,colGrain,15.741,4.827,5.456,36.418,58.603,17.472,19.369,4.846,41,3,0,Top,Continuous
1154.0,Block,equiGrain,25.224,1.567,4.718,58.839,55.408,29.501,13.52,1.353,22,0,0,Top,Investment
1103.875,Block,equiGrain,7.94,1.198,8.306,8.293,63.405,20.505,15.154,0.854,0,1,0,Top,Die
1612.234,Nozzle,equiGrain,10.952,3.158,8.25,40.32,66.591,14.197,15.006,4.063,12,0,0,Top,Die
847.719,Nozzle,colGrain,28.671,3.408,7.027,18.65,50.24,32.719,12.591,3.83,30,1,0,Bottom,Die
1401.051,Valve,colGrain,12.213,3.242,5.109,24.228,69.544,16.379,11.378,2.56,5,0,0,Top,Investment
1095.959,Valve,singleGrain,8.023,2.982,7.054,32.359,67.449,23.827,5.543,2.783,4,0,0,Top,Investment
1348.592,Blade,equiGrain,14.271,3.839,6.388,34.923,53.77,31.004,10.81,4.205,11,0,0,Top,Die
1228.469,Blade,singleGrain,27.931,1.888,2.266,19.881,63.506,24.174,8.019,3.347,27,0,0,Top,Investment
1308.643,Blade,colGrain,12.151,3.128,5.347,27.353,52.984,27.702,17.203,2.177,9,0,0,Bottom,Continuous
1372.643,Blade,equiGrain,12.825,0.912,2.211,7.103,65.134,15.17,18.397,0.598,16,0,0,Top,Die
1027.486,Block,colGrain,26.468,4.165,1.466,45.961,69.632,24.161,5.3,0.62,33,0,0,Bottom,Investment
1279.338,Nozzle,colGrain,12.168,3.559,7.647,41.295,54.83,35.467,9.488,0.635,5,0,0,Bottom,Continuous
1681.669,Blade,singleGrain,16.695,2.921,4.32,27.72,56.587,30.262,9.741,3.922,26,0,6,Top,Die
855.751,Valve,singleGrain,5.903,0.75,2.114,35.093,60.001,20.616,18.929,0.902,9,0,0,Top,Investment
1135.486,Blade,singleGrain,9.975,2.674,7.821,39.435,59.929,14.573,20.071,4.728,0,0,0,Top,Continuous
995.559,Valve,colGrain,26.083,1.724,1.895,40.456,68.571,15.284,12.168,4.028,30,4,0,Bottom,Die
1570.528,Valve,equiGrain,19.28,4.1,3.096,42.771,52.802,25.252,17.464,3.84,22,0,0,Bottom,Investment
1162.875,Blade,equiGrain,13.925,2.966,2.288,10.238,54.4,28.62,16.044,2.102,8,4,0,Top,Investment
1241.421,Blade,singleGrain,14.737,3.973,6.052,13.527,54.757,29.876,15.139,0.823,12,0,0,Bottom,Die
1853.174,Block,equiGrain,18.787,4.275,9.807,7.802,68.272,18.463,8.701,2.766,17,4,0,Bottom,Investment
927.791,Valve,colGrain,29.007,3.55,9.855,3.212,66.208,20.953,10.429,1.504,49,0,0,Top,Die
714.85,Block,equiGrain,5.079,1.056,9.278,45.722,53.505,32.321,13.124,1.328,1,3,0,Bottom,Die
1665.707,Blade,singleGrain,16.866,2.973,1.689,25.169,53.586,32.47,11.165,3.56,41,0,0,Top,Continuous
1421.057,Nozzle,singleGrain,23.952,4.022,4.523,53.753,59.678,26.298,8.535,4.826,23,0,0,Bottom,Die
1461.797,Nozzle,equiGrain,12.836,3.803,6.515,47.005,65.45,16.618,16.51,0.938,10,0,0,Bottom,Die
1643.692,Block,equiGrain,21.022,3.815,8.764,47.115,66.645,16.304,14.262,2.1,32,0,0,Top,Continuous
745.098,Blade,equiGrain,10.056,1.103,8.813,50.125,55.332,31.543,9.911,4.675,1,1,0,Bottom,Continuous
1098.316,Valve,equiGrain,29.058,2.74,7.985,4.376,66.784,14.212,14.98,2.637,20,0,0,Top,Continuous
1075.439,Blade,singleGrain,5.001,4.327,3.817,8.683,61.885,28.014,9.23,1.49,0,0,0,Top,Investment
1278.983,Block,equiGrain,29.251,1.339,9.523,23.658,63.916,20.768,13.43,2.576,48,0,0,Top,Die
1892.618,Blade,equiGrain,20.21,3.429,4.296,28.04,64.566,22.382,12.168,0.795,14,0,0,Bottom,Investment
1112.514,Blade,colGrain,13.085,2.81,8.988,59.217,55.699,34.148,6.713,2.446,13,0,0,Bottom,Die
1260.329,Block,colGrain,26.137,4.096,9.627,13.21,65.706,16.196,14.658,1.789,44,1,0,Top,Continuous
1508.678,Block,equiGrain,25.051,2.587,4.499,15.106,55.896,25.438,17.108,2.038,30,0,0,Top,Continuous
1530.829,Nozzle,equiGrain,10.928,4.702,5.903,6.188,63.731,25.766,9.644,1.841,3,0,0,Top,Investment
1409.479,Blade,colGrain,10.919,1.943,4.265,6.356,56.802,21.9,18.927,1.855,10,0,0,Top,Continuous
876.867,Blade,colGrain,9.115,2.814,3.963,25.206,57.267,36.304,7.035,0.563,1,0,0,Bottom,Investment
1473.97,Blade,colGrain,21.591,1.236,4.01,1.935,61.493,20.537,13.532,4.455,24,0,0,Bottom,Investment
1494.862,Nozzle,equiGrain,14.248,1.891,4.491,30.937,56.817,22.238,15.758,3.835,9,0,0,Bottom,Investment
1513.217,Nozzle,singleGrain,24.577,1.934,5.293,20.978,59.118,20.265,18.482,1.429,24,0,0,Bottom,Investment
1084.637,Block,equiGrain,28.817,3.292,3.242,50.748,57.863,24.868,13.451,4.171,37,2,0,Top,Continuous
998.273,Valve,colGrain,6.995,1.313,6.405,42.251,60.841,29.577,5.614,3.993,0,0,0,Top,Investment
1765.072,Blade,equiGrain,16.149,1.452,7.364,35.514,69.17,9.915,15.838,4.672,5,0,0,Top,Continuous
1750.276,Blade,colGrain,19.83,0.665,2.89,39.186,56.623,27.935,11.009,2.878,35,3,0,Top,Investment
646.991,Valve,singleGrain,26.603,3.142,2.68,50.24,52.627,28.085,13.469,4.827,41,0,0,Top,Investment
1581.671,Blade,equiGrain,18.997,4.451,6.969,28.366,53.762,29.54,15.246,1.768,7,1,0,Top,Investment
1191.562,Block,singleGrain,10.794,0.678,2.882,27.688,50.86,35.083,11.132,3.763,6,0,0,Top,Investment
1157.624,Block,equiGrain,29.564,3.619,1.095,23.604,56.914,34.631,6.232,1.97,29,0,0,Bottom,Continuous
1670.514,Block,equiGrain,10.86,4.345,9.058,35.008,61.053,18.101,15.985,3.901,8,0,0,Bottom,Investment
1189.206,Valve,singleGrain,14.86,1.768,7.371,51.772,55.611,25.283,15.667,3.848,26,0,0,Top,Die
1465.773,Block,equiGrain,14.789,3.095,7.852,52.173,65.755,15.808,16.733,1.235,6,1,0,Top,Investment
799.731,Blade,equiGrain,8.904,1.083,1.879,28.772,52.565,30.346,12.817,3.795,0,2,0,Bottom,Investment
1557.179,Block,singleGrain,10.813,4.448,4.893,44.041,69.486,19.318,8.056,2.515,3,0,0,Top,Die
1897.363,Block,colGrain,15.998,2.19,2.915,26.924,56.233,33.166,9.334,1.259,4,0,0,Top,Continuous
617.433,Valve,equiGrain,25.647,0.739,3.801,4.71,49.365,32.508,14.733,2.478,26,0,0,Bottom,Continuous
894.063,Blade,singleGrain,26.805,3.476,3.423,44.338,53.207,31.737,11.267,4.494,47,0,0,Top,Continuous
1063.702,Block,equiGrain,9.164,3.794,1.998,19.85,53.748,26.638,16.126,3.468,0,0,0,Top,Continuous
966.961,Valve,colGrain,10.048,0.862,7.726,45.021,67.001,24.491,7.709,2.224,0,0,0,Top,Die
1466.202,Block,colGrain,24.451,4.386,6.459,53.594,68.444,21.776,7.674,2.048,23,0,0,Bottom,Die
911.964,Valve,equiGrain,5.072,2.479,4.078,29.683,61.28,27.085,11.603,1.423,1,4,0,Top,Die
1513.101,Blade,colGrain,23.796,0.536,9.765,2.46,63.152,23.302,10.708,3.023,22,0,0,Bottom,Continuous
620.599,Blade,singleGrain,6.89,1.893,7.402,58.727,55.921,35.567,7.693,0.59,2,0,0,Bottom,Die
989.746,Nozzle,equiGrain,8.104,4.75,2.069,56.721,61.245,18.375,18.168,2.649,0,0,0,Top,Die
1248.332,Valve,colGrain,10.894,1.359,1.203,52.637,65.821,12.253,17.271,3.71,11,3,0,Bottom,Die
1803.015,Block,equiGrain,19.146,2.754,4.339,56.435,64.557,17.653,16.813,1.738,18,0,0,Bottom,Die
1452.998,Blade,colGrain,14.989,1.881,4.814,48.685,65.529,14.012,16.666,4.631,8,2,0,Bottom,Die
1508.221,Blade,equiGrain,25.298,4.019,3.069,44.797,66.511,12.384,17.273,4.83,23,0,0,Bottom,Investment
1126.872,Block,singleGrain,8.826,2.436,4.36,54.875,63.863,20.488,9.476,4.936,12,0,0,Top,Continuous
1516.969,Nozzle,equiGrain,13.891,3.858,5.114,54.424,63.8,17.132,14.832,4.199,10,0,0,Top,Die
1704.65,Nozzle,equiGrain,17.655,1.618,3.858,25.352,53.469,36.324,7.868,2.256,19,0,0,Bottom,Investment
1627.948,Block,colGrain,23.431,1.091,3.838,13.589,66.352,22.536,5.848,4.403,23,0,0,Top,Investment
1519.471,Block,equiGrain,11.167,2.137,2.387,5.352,61.632,22.448,12.348,4.218,11,1,0,Bottom,Die
783.985,Nozzle,equiGrain,6.003,0.983,2.048,45.191,53.977,31.492,10.759,4.534,1,0,0,Bottom,Continuous
1418.07,Valve,colGrain,24.146,2.99,8.214,11.26,64.972,26.262,6.836,1.741,27,0,0,Bottom,Die
1336.252,Valve,colGrain,23.415,2.914,6.324,53.793,67.257,11.526,16.988,4.181,25,0,0,Bottom,Investment
2028.461,Blade,colGrain,17.896,3.485,9.124,26.061,65.123,19.05,13.204,2.867,32,0,0,Top,Continuous
1431.921,Blade,equiGrain,17.013,2.219,7.059,18.232,50.108,32.576,14.475,2.502,26,0,0,Top,Investment
912.708,Nozzle,equiGrain,8.849,0.852,5.829,49.136,67.363,12.93,17.68,1.09,5,0,0,Top,Die
1175.644,Nozzle,colGrain,14.149,1.076,6.864,24.721,49.938,36.42,9.207,4.099,10,0,0,Bottom,Die
1842.048,Nozzle,equiGrain,20.23,1.132,6.823,41.071,57.141,27.183,10.44,4.061,13,2,0,Top,Investment
1181.624,Block,equiGrain,8.14,4.284,7.3,48.455,67.369,14.757,16.921,2.544,3,0,0,Bottom,Investment
1807.401,Block,colGrain,18.209,3.138,6.337,4.472,57.299,29.986,10.535,1.872,29,0,0,Top,Investment
1164.342,Nozzle,colGrain,27.469,4.099,8.922,43.59,65.084,20.824,9.438,4.706,22,0,0,Top,Investment
1799.544,Block,singleGrain,22.172,4.569,5.991,42.696,63.045,22.908,11.533,3.1,26,0,0,Bottom,Continuous
1004.529,Nozzle,equiGrain,6.98,4.364,9.161,19.161,68.362,22.923,8.898,0.69,10,2,0,Top,Investment
730.308,Nozzle,singleGrain,29.31,1.737,9.037,58.668,57.826,26.37,14.929,0.874,15,0,2,Top,Die
1333.224,Blade,colGrain,18.981,0.834,2.662,52.031,52.081,28.192,19.329,1.403,22,3,0,Bottom,Continuous
988.285,Blade,equiGrain,6.041,4.567,5.842,47.966,67.694,16.758,9.637,4.94,0,1,0,Top,Continuous
1675.369,Block,singleGrain,24.988,2.082,5.396,2.447,66.633,23.989,6.295,3.039,15,0,1,Top,Continuous
1427.221,Nozzle,equiGrain,16.707,3.096,7.578,59.458,54.664,33.747,9.293,3.465,16,1,0,Bottom,Investment
1198.7,Valve,singleGrain,14.249,2.462,4.342,24.045,54.563,27.581,14.51,3.828,9,0,2,Bottom,Investment
1068.404,Valve,equiGrain,25.903,2.366,5.789,48.874,63.122,18.644,16.107,2.792,27,0,0,Bottom,Investment
1398.848,Blade,singleGrain,17.017,2.395,3.065,37.678,50.534,33.021,15.494,0.975,37,0,0,Top,Die
1964.427,Block,singleGrain,19.084,2.036,7.751,28.522,68.609,9.896,17.558,2.746,22,0,5,Bottom,Continuous
944.114,Blade,singleGrain,28.065,0.588,6.061,21.082,55.442,20.741,19.603,4.599,27,0,0,Bottom,Die
1498.374,Blade,equiGrain,11.936,1.854,8.199,32.413,69.633,8.872,18.701,3.843,0,2,0,Top,Continuous
1629.224,Nozzle,equiGrain,13.046,2.844,7.973,11.494,65.376,17.841,14.309,3.332,0,1,0,Top,Die
1603.692,Nozzle,singleGrain,20.641,0.65,1.827,34.219,64.591,24.971,7.939,3.545,21,0,1,Bottom,Investment
1706.435,Nozzle,equiGrain,21.024,4.068,4.487,36.071,62.899,20.106,13.615,4.451,20,2,0,Bottom,Continuous
1868.986,Valve,colGrain,17.023,1.676,4.354,11.958,63.189,18.075,15.859,2.62,25,0,0,Top,Die
1569.138,Block,singleGrain,22.13,2.913,9.047,37.752,70.052,11.902,15.843,3.136,27,0,3,Top,Investment
1266.881,Block,colGrain,9.07,2.324,5.853,14.833,60.49,29.26,6.911,2.923,19,0,0,Top,Die
1319.321,Valve,singleGrain,11.177,0.821,2.195,19.039,68.031,15.878,10.646,5.041,10,0,0,Bottom,Investment
1174.505,Valve,colGrain,5.883,4.6,6.698,23.127,63.129,18.013,17.168,3.352,1,0,0,Bottom,Continuous
1171.408,Nozzle,colGrain,28.302,1.01,8.884,42.831,61.809,28.851,6.889,3.241,28,0,0,Bottom,Die
1116.441,Valve,colGrain,29.582,3.629,3.049,34.119,60.438,19.974,15.711,2.47,27,0,0,Bottom,Die
1530.177,Valve,singleGrain,19.107,3.265,5.843,14.614,53.361,36.21,9.323,2.507,14,0,4,Top,Continuous
1137.974,Blade,equiGrain,9.03,1.851,2.775,14.061,65.407,23.371,8.232,3.753,0,0,0,Bottom,Die
1034.63,Blade,singleGrain,5.938,2.055,4.197,20.399,55.49,29.395,11.571,3.354,2,0,0,Top,Die
716.368,Valve,equiGrain,7.095,4.326,1.049,18.752,50.361,37.077,9.655,3.073,0,0,0,Top,Continuous
1068.244,Valve,colGrain,8.133,4.365,2.398,25.809,63.521,24.064,10.32,2.226,0,0,0,Bottom,Die
1161.651,Blade,equiGrain,29.574,1.954,3.563,18.348,67.54,17.291,13.409,1.419,16,0,0,Top,Continuous
796.755,Nozzle,colGrain,26.466,1.006,2.257,41.236,52.967,26.853,18.267,1.882,25,0,0,Bottom,Investment
944.882,Nozzle,colGrain,8.04,1.812,2.052,53.366,63.169,17.371,15.537,4.87,1,0,0,Bottom,Die
1595.826,Block,equiGrain,21.14,2.538,5.398,19.341,67.296,12.688,17.169,1.481,27,0,0,Top,Die
969.783,Valve,singleGrain,6.098,1.874,1.298,51.44,58.954,22.099,15.148,3.278,2,0,0,Bottom,Continuous
763.435,Block,colGrain,26.394,4.391,9.523,29.468,50.608,32.384,11.173,4.901,26,4,0,Top,Die
1055.18,Blade,singleGrain,30.581,3.612,4.84,11.584,58.157,27.982,13.941,0.703,19,0,0,Top,Continuous
1596.883,Valve,equiGrain,16.315,4.204,7.031,28.615,53.997,35.088,6.178,2.983,23,2,0,Bottom,Die
1505.515,Valve,equiGrain,11.123,3.338,6.245,26.18,65.764,24.232,6.476,2.555,10,0,0,Top,Die
1276.517,Nozzle,singleGrain,18.013,0.614,9.427,47.45,50.873,37.884,8.061,3.762,19,0,8,Bottom,Investment
1555.61,Block,colGrain,12.198,2.177,4.553,32.448,68.662,16.675,13.106,1.671,11,0,0,Bottom,Investment
1259.576,Valve,singleGrain,22.988,4.813,4.434,52.436,55.844,33.84,7.499,3.309,24,0,1,Bottom,Continuous
1597.052,Blade,colGrain,12.091,4.729,6.52,35.934,62.515,15.692,18.64,2.987,8,0,0,Top,Continuous
1164.28,Block,equiGrain,8.871,1.679,9.198,11.713,68.922,16.514,12.952,3.147,16,2,0,Top,Investment
888.53,Valve,equiGrain,5.089,3.13,3.136,5.755,69.698,18.172,10.972,1.508,0,0,0,Bottom,Investment
1085.858,Valve,singleGrain,29.154,0.785,8.664,9.962,61.742,27.442,6.502,2.988,24,0,0,Bottom,Investment
1661.029,Block,singleGrain,10.859,1.928,9.057,33.365,68.245,11.502,18.487,2.281,0,0,0,Top,Continuous
1719.492,Block,colGrain,23.343,2.698,10.012,22.632,63.088,23.065,10.083,3.781,22,0,0,Bottom,Investment
869.75,Blade,equiGrain,27.183,0.964,7.356,30.217,52.857,32.847,11.227,4.123,34,0,0,Bottom,Continuous
994.679,Blade,equiGrain,9.16,0.831,4.561,19.61,61.222,20.023,17.6,0.559,0,4,0,Bottom,Continuous
1585.292,Blade,equiGrain,16.152,4.369,8.16,13.428,52.599,30.418,12.955,3.956,14,2,0,Bottom,Continuous
1119.089,Blade,singleGrain,24.524,3.404,7.55,40.789,54.528,30.36,14.403,1.221,36,0,4,Top,Investment
1223.586,Block,singleGrain,29.832,2.956,3.385,20.573,58.214,30.088,8.019,3.05,41,0,5,Bottom,Continuous
1738.411,Block,equiGrain,20.986,4.918,6.085,40.175,64.721,22.275,8.012,3.352,16,0,0,Top,Die
779.52,Nozzle,colGrain,7.026,1.05,6.026,25.393,54.887,39.737,5.684,0.67,8,4,0,Top,Continuous
1633.075,Nozzle,singleGrain,20.236,0.533,3.976,8.663,50.986,38.258,6.096,4.155,40,0,0,Top,Continuous
1297.001,Blade,singleGrain,11.123,0.654,8.636,45.952,60.874,25.392,10.095,4.769,10,0,5,Bottom,Continuous
1709.725,Block,singleGrain,25.351,1.696,7.98,25.683,65.59,16.023,14.47,4.691,0,0,0,Top,Continuous
1285.739,Block,colGrain,28.343,1.62,8.102,21.994,64.418,19.582,11.693,3.45,28,2,0,Bottom,Die
1334.988,Block,colGrain,23.651,3.839,2.711,26.209,51.9,29.334,15.639,2.187,22,0,0,Bottom,Investment
1442.445,Nozzle,equiGrain,11.15,1.156,8.895,18.108,68.371,21.71,9.131,1.647,3,1,0,Top,Investment
1030.519,Valve,equiGrain,6.005,4.288,2.562,29.887,69.119,10.884,17.165,3.197,1,0,0,Bottom,Investment
1118.488,Blade,singleGrain,5.049,3.943,1.16,11.126,61.403,21.41,12.811,4.287,0,0,0,Bottom,Investment
1021.723,Valve,colGrain,29.488,3.052,2.141,10.395,61.923,28.902,8.671,0.539,35,3,0,Bottom,Continuous
989.937,Blade,singleGrain,27.461,4.246,6.326,16.675,55.332,26.416,15.785,1.993,21,0,0,Top,Investment
1431.158,Valve,singleGrain,20.968,3.948,7.213,2.427,62.055,22.309,15.285,0.897,23,0,0,Bottom,Continuous
1550.139,Nozzle,equiGrain,15.19,1.082,5.429,30.115,67.158,11.931,19.188,2.106,6,0,0,Top,Die
1253.319,Nozzle,singleGrain,30.445,1.685,5.602,27.472,63.711,24.549,9.202,2.648,31,0,0,Bottom,Investment
1611.858,Valve,singleGrain,19.816,1.599,5.15,33.024,53.077,32.669,11.823,3.25,22,0,0,Top,Investment
2000.104,Nozzle,singleGrain,16.312,0.721,7.71,3.798,64.741,22.307,10.842,3.182,16,0,0,Bottom,Continuous
1395.631,Block,equiGrain,25.037,0.67,3.59,2.016,70.089,15.117,12.869,2.365,33,4,0,Top,Die
957.784,Nozzle,singleGrain,6.884,4.035,9.879,9.036,57.561,22.309,20.265,1.001,0,0,0,Bottom,Die
1547.589,Valve,singleGrain,19.928,4.254,1.314,23.864,52.136,30.139,14.244,4.173,21,0,0,Bottom,Die
1388.641,Blade,colGrain,21.768,2.497,6.017,24.982,52.935,22.513,19.235,4.298,26,0,0,Bottom,Continuous
1695.02,Nozzle,equiGrain,22.436,2.185,1.426,42.917,61.771,22.056,12.203,3.097,17,0,0,Bottom,Continuous
940.763,Nozzle,singleGrain,7.026,4.075,9.751,57.351,67.099,19.211,8.436,4.483,2,0,0,Bottom,Investment
1065.279,Blade,equiGrain,11.819,1.708,5.101,50.343,50.713,29.482,15.905,3.811,26,0,0,Top,Continuous
1644.947,Block,equiGrain,14.854,3.033,7.01,47.765,64.31,14.106,16.966,3.678,11,0,0,Top,Investment
1030.257,Blade,colGrain,30.212,0.955,8.132,21.939,59.44,18.898,17.264,3.981,24,3,0,Bottom,Die
946.902,Valve,colGrain,28.412,1.827,9.649,41.531,58.801,23.894,13.583,4.23,30,0,0,Bottom,Investment
1142.182,Nozzle,singleGrain,21.09,2.342,8.615,48.988,53.506,30.442,16.01,0.672,39,0,0,Top,Die
1376.414,Block,singleGrain,30.096,1.546,3.246,25.662,61.712,13.363,19.984,4.023,24,0,0,Top,Continuous
954.458,Block,colGrain,25.721,1.921,3.426,2.837,52.646,33.672,8.969,3.137,36,0,0,Bottom,Investment
1901.335,Blade,equiGrain,17.784,2.965,5.854,12.439,59.941,20.258,14.514,4.427,10,3,0,Top,Die
1125.268,Blade,equiGrain,21.944,4.348,1.252,49.282,51.288,35.97,9.995,2.734,27,1,0,Bottom,Continuous
1203.265,Blade,equiGrain,23.523,2.541,2.43,36.353,56.279,31.501,12.021,0.736,23,3,0,Bottom,Die
1127.177,Blade,colGrain,7.029,1.803,5.647,51.356,65.667,14.994,16.412,3.876,0,0,0,Top,Continuous
1862.943,Valve,colGrain,16.012,3.311,9.33,47.95,63.075,26.192,7.601,3.009,18,0,0,Bottom,Continuous
1088.429,Block,equiGrain,4.921,4.744,5.507,35.869,57.853,22.231,19.371,2.266,0,0,0,Bottom,Investment
891.096,Block,colGrain,8.048,2.813,6.151,12.045,56.201,36.32,7.325,0.833,19,4,0,Top,Investment
1248.285,Block,equiGrain,7.914,3.024,6.577,20.422,61.353,21.493,14.954,0.721,0,0,0,Top,Continuous
1644.276,Block,colGrain,25.488,0.766,2.191,33.495,62.351,19.171,16.054,3.363,20,2,0,Bottom,Investment
1672.245,Blade,singleGrain,16.953,4.901,1.155,11.635,54.615,29.328,10.575,4.446,18,0,7,Bottom,Continuous
1741.292,Blade,colGrain,15.854,3.089,2.579,9.367,69.157,12.127,18.37,0.92,36,0,0,Top,Investment
1472.287,Block,equiGrain,21.106,2.324,6.216,9.063,57.108,26.87,14.672,1.159,31,0,0,Top,Die
1135.432,Blade,equiGrain,23.826,3.263,5.248,47.898,50.283,24.858,19.926,4.27,25,0,0,Bottom,Continuous
1511.819,Nozzle,singleGrain,14.999,4.419,5.497,22.854,60.075,33.686,5.035,0.629,21,0,0,Top,Die
1488.567,Valve,colGrain,21.006,3.94,6.417,41.29,61.556,27.709,8.296,2.045,41,0,0,Top,Continuous
810.937,Block,singleGrain,8.987,0.933,4.062,23.007,55.094,32.963,7.575,4.69,0,0,7,Top,Die
1595.485,Block,colGrain,13.047,4.55,1.342,48.334,64.534,18.194,15.797,2.243,9,0,0,Top,Investment
1818.804,Nozzle,singleGrain,18.68,2.82,6.844,19.499,55.623,25.148,15.746,3.3,17,0,0,Bottom,Die
665.029,Valve,singleGrain,5.092,2.297,2.538,33.52,50.452,34.387,12.589,3.136,0,0,0,Top,Die
834.755,Block,equiGrain,25.54,1.871,1.151,32.088,50.098,30.022,15.137,4.213,32,0,0,Bottom,Investment
1887.346,Nozzle,equiGrain,15.683,3.939,3.91,11.033,66.838,26.465,7.134,1.162,28,0,0,Top,Investment
1743.973,Block,colGrain,16.167,2.368,7.665,14.737,53.212,31.366,10.685,4.231,28,0,0,Top,Die
1332.273,Valve,equiGrain,25.368,1.347,2.793,31.805,63.014,19.635,15.52,0.701,26,3,0,Bottom,Investment
1435.269,Valve,equiGrain,23.558,2.827,4.734,50.01,68.128,17.689,10.547,3.104,20,0,0,Top,Continuous
1034.67,Nozzle,singleGrain,5.064,2.062,9.002,50.312,65.068,24.103,5.483,4.738,5,0,0,Top,Die
923.756,Block,equiGrain,5.027,2.293,8.931,44.874,55.733,26.549,15.33,1.874,11,0,0,Top,Investment
2034.47,Block,equiGrain,19.877,4.082,6.252,46.063,58.633,27.651,9.473,3.872,31,0,0,Top,Continuous
1609.475,Nozzle,singleGrain,20.67,1.227,1.665,26.284,61.28,17.319,19.307,1.05,21,0,0,Top,Continuous
1633.611,Nozzle,colGrain,21.276,4.214,6.445,9.589,59.225,27.612,9.009,3.468,25,0,0,Top,Die
1102.05,Blade,colGrain,21.316,1.597,8.541,17.768,53.467,37.371,10.105,0.627,21,0,0,Bottom,Investment
1430.851,Blade,colGrain,23.166,3.08,7.582,15.96,61.313,24.916,13.552,1.13,27,1,0,Bottom,Investment
648.15,Valve,singleGrain,7.878,3.872,4.503,11.531,50.368,34.213,12.507,2.912,17,0,0,Top,Investment
1422.438,Valve,singleGrain,12.809,4.123,1.4,21.474,67.87,20.962,7.063,3.149,9,0,6,Top,Continuous
631.554,Valve,colGrain,9.903,0.598,1.228,58.113,58.636,24.301,14.856,0.832,3,0,0,Top,Die
926.23,Nozzle,equiGrain,6.034,1.312,7.577,54.467,67.748,15.866,11.689,4.305,12,0,0,Top,Die
1246.012,Nozzle,colGrain,9.886,1.057,3.354,34.962,63.105,23.765,9.501,4.445,0,0,0,Top,Continuous
731.602,Nozzle,colGrain,26.991,3.241,5.514,55.083,53.296,29.008,17.073,0.612,40,0,0,Top,Continuous
1019.22,Block,equiGrain,4.936,1.465,1.259,51.877,65.904,22.294,7.133,4.675,3,0,0,Bottom,Investment
883.604,Valve,singleGrain,6.036,0.926,5.818,7.838,59.775,25.901,13.673,1.797,0,0,0,Top,Die
1558.471,Nozzle,equiGrain,18.306,4.614,2.483,21.888,51.954,41.901,5.306,0.738,14,0,0,Top,Die
762.119,Block,equiGrain,27.514,0.658,7.888,14.143,49.247,35.899,9.591,3.528,39,3,0,Top,Investment
1150.12,Blade,singleGrain,7.875,1.089,8.117,13.289,63.192,16.574,16.616,3.993,0,0,2,Bottom,Continuous
910.133,Blade,singleGrain,9.973,4.624,4.582,33.16,53.53,22.34,18.592,4.191,1,0,0,Top,Investment
944.041,Blade,colGrain,28.046,3.732,1.128,3.8,58.064,23.31,18.061,1.318,40,0,0,Top,Continuous
1461.71,Block,colGrain,21.985,3.119,2.68,6.456,58.524,29.024,10.57,1.062,26,4,0,Top,Die
1814.934,Blade,singleGrain,20.34,0.733,7.062,21.91,71.106,18.977,9.318,2.328,6,0,1,Top,Continuous
851.296,Valve,equiGrain,30.481,0.569,2.116,54.652,64.752,11.709,20.001,3.043,31,1,0,Bottom,Die
995.758,Block,colGrain,26.685,3.853,9.751,54.073,69.894,18.992,6.899,4.729,31,0,0,Bottom,Die
1562.036,Blade,singleGrain,15.094,2.181,4.791,5.801,61.394,26.354,8.714,3.949,5,0,0,Bottom,Die
1347.748,Valve,singleGrain,11.884,1.192,2.772,6.176,64.998,26.43,8.549,0.709,10,0,0,Top,Die
1840.251,Valve,colGrain,19.012,1.925,5.333,21.871,60.714,17.524,18.331,2.699,16,3,0,Bottom,Investment
1181.29,Block,singleGrain,27.11,0.601,8.81,29.709,63.029,26.803,7.483,2.351,46,0,4,Top,Die
1022.846,Valve,colGrain,5.05,0.783,9.685,20.859,61.871,28.916,5.969,3.642,0,3,0,Bottom,Continuous
1013.849,Nozzle,singleGrain,27.802,0.972,2.394,41.618,55.832,27.203,13.931,3.443,37,0,0,Bottom,Die
1596.035,Valve,colGrain,19.195,0.603,6.02,58.133,64.445,24.563,7.527,4.058,18,1,0,Bottom,Investment
1220.715,Block,colGrain,27.014,2.372,5.301,12.959,61.899,30.959,5.241,0.958,31,0,0,Bottom,Die
1495.215,Block,equiGrain,13.177,2.064,4.818,38.666,68.914,21.184,8.65,0.859,8,0,0,Bottom,Die
1024.965,Block,colGrain,28.831,4.706,4.584,58.746,70.059,15.571,11.262,3.852,25,0,0,Bottom,Die
976.285,Valve,singleGrain,10.025,1.845,5.764,3.825,68.7,23.706,6.145,2.22,0,0,0,Top,Investment
1798.584,Block,singleGrain,14.896,3.528,5.313,38.751,66.464,13.075,17.147,2.86,17,0,0,Top,Continuous
1192.157,Nozzle,colGrain,11.195,0.812,9.845,14.758,53.609,25.552,18.322,3.874,9,1,0,Bottom,Die
1244.998,Nozzle,colGrain,22.668,0.917,5.969,17.889,53.736,38.316,6.729,1.742,17,0,0,Top,Die
915.194,Blade,colGrain,26.187,3.556,8.994,57.995,60.524,18.157,18.078,3.888,34,0,0,Bottom,Die
989.966,Valve,singleGrain,6.98,2.984,1.796,1.143,58.992,18.558,19.391,2.475,0,0,0,Top,Continuous
1695.441,Valve,singleGrain,15.876,4.494,9.16,1.024,59.394,18.32,19.922,3.07,21,0,0,Bottom,Die
1005.82,Valve,equiGrain,12.092,4.209,3.057,42.441,51.147,40.353,8.058,0.892,15,0,0,Bottom,Die
1528.2,Block,equiGrain,21.825,1.477,2.371,49.258,69.772,9.943,18.861,2.482,25,0,0,Bottom,Die
1520.389,Nozzle,equiGrain,21.303,0.796,1.941,50.298,60.154,25.306,10.644,3.553,23,0,0,Bottom,Die
901.604,Block,colGrain,5.073,2.56,4.4,54.781,67.141,13.367,15.178,5.01,15,4,0,Top,Investment
955.326,Valve,colGrain,26.203,1.522,5.932,7.427,59.474,20.464,15.918,4.723,12,0,0,Top,Die
1801.231,Valve,equiGrain,19.287,4.903,7.737,9.803,59.677,25.846,11.87,2.821,21,0,0,Top,Die
1495.843,Nozzle,equiGrain,21.174,3.631,6.094,15.873,68.758,15.916,14.986,0.885,31,2,0,Top,Investment
1925.553,Blade,singleGrain,16.292,4.92,4.759,34.782,58.944,30.607,8.612,2.965,15,0,0,Bottom,Die
1266.6,Nozzle,singleGrain,27.033,1.785,2.114,28.97,64.878,14.944,17.151,3.066,51,0,0,Top,Investment
1531.622,Nozzle,equiGrain,20.393,1.579,3.899,47.941,52.423,40.228,5.413,1.706,19,3,0,Bottom,Continuous
1105.496,Nozzle,equiGrain,25.57,1.287,1.45,46.572,60.532,23.889,11.017,4.423,28,0,0,Bottom,Die
1563.868,Nozzle,equiGrain,22.624,3.402,4.987,24.96,61.85,17.098,16.296,4.996,22,1,0,Top,Investment
690.588,Blade,equiGrain,9.962,0.757,8.971,22.101,52.187,39.813,6.753,2.368,1,0,0,Bottom,Investment
1790.311,Blade,colGrain,19.717,4.913,1.672,2.762,66.227,22.186,10.559,1.549,13,0,0,Top,Investment
1361.44,Valve,equiGrain,13.945,3.488,3.215,17.227,55.52,22.441,18.016,3.295,10,3,0,Bottom,Continuous
1116.618,Nozzle,singleGrain,11.02,1.304,4.713,53.325,51.949,27.006,16.674,3.848,10,0,0,Bottom,Die
1216.21,Valve,equiGrain,12.238,1.817,6.323,2.864,59.123,27.487,12.749,0.832,18,0,0,Top,Die
1114.535,Valve,colGrain,23.748,3.764,5.543,25.79,51.275,34.601,11.532,2.501,41,0,0,Top,Investment
1310.523,Blade,equiGrain,13.052,4.849,5.91,38.295,55.189,23.305,17.659,4.45,7,0,0,Bottom,Die
1105.659,Block,singleGrain,7.915,4.805,9.431,24.8,57.067,19.99,19.689,3.116,0,0,2,Top,Die
1503.099,Block,singleGrain,20.614,2.353,1.188,17.461,55.001,30.09,10.98,4.818,21,0,0,Top,Continuous
1183.25,Nozzle,colGrain,24.357,2.315,5.501,1.955,55.919,23.64,19.963,0.834,23,3,0,Top,Investment
1084.473,Valve,colGrain,9.913,3.572,2.259,40.256,65.814,12.139,17.607,3.337,9,3,0,Top,Continuous
1417.077,Valve,singleGrain,12.15,1.793,1.657,11.902,62.027,31.115,7.378,0.611,10,0,0,Bottom,Continuous
1520.371,Valve,singleGrain,10.978,2.468,4.62,12.046,59.917,28.751,9.383,2.897,0,0,0,Top,Continuous
1622.419,Block,colGrain,24.955,1.008,2.707,13.449,64.569,26.005,6.164,2.403,20,0,0,Bottom,Investment
702.884,Blade,singleGrain,4.989,2.027,4.181,55.037,53.564,27.81,16.455,2.681,0,0,0,Top,Continuous
1288.175,Valve,singleGrain,11.906,4.789,7.058,55.515,65.789,23.401,8.537,1.37,12,0,0,Bottom,Die
1908.798,Block,colGrain,18.151,0.936,4.845,20.526,58.901,21.17,14.548,4.761,13,0,0,Bottom,Investment
474.036,Blade,equiGrain,4.993,3.479,5.116,53.172,51.67,37.849,10.885,0.681,1,0,0,Bottom,Die
1156.122,Nozzle,singleGrain,11.849,3.169,8.99,12.713,52.584,41.166,6.769,0.823,22,0,1,Top,Continuous
811.184,Blade,equiGrain,27.397,0.962,9.722,59.165,61.174,23.309,13.383,1.673,31,0,0,Bottom,Die
993.628,Blade,equiGrain,8.05,2.885,5.753,28.57,69.977,10.121,19.918,1.16,1,4,0,Bottom,Continuous
1691.022,Blade,colGrain,19.104,3.839,4.745,49.077,55.107,24.564,15.75,4.389,12,0,0,Top,Investment
1400.97,Blade,colGrain,13.195,0.649,1.492,38.915,62.919,30.116,5.695,0.591,10,2,0,Bottom,Die
1049.151,Valve,singleGrain,23.207,2.71,8.632,60.071,53.572,31.788,11.611,3.226,16,0,0,Top,Continuous
1406.078,Valve,equiGrain,13.989,4.699,6.199,37.812,58.624,18.902,19.469,3.749,6,1,0,Top,Die
1071.412,Block,singleGrain,8.057,2.269,3.251,43.158,69.928,22.167,6.501,1.358,1,0,0,Bottom,Die
615.039,Blade,singleGrain,26.07,4.659,5.541,50.956,50.919,30.481,17.743,1.632,45,0,0,Top,Investment
873.403,Blade,colGrain,10.083,4.303,8.998,5.398,56.406,31.321,9.326,4.185,23,0,0,Top,Investment
2047.965,Block,singleGrain,17.129,2.77,6.686,18.957,66.644,18.277,12.696,3.133,52,0,0,Top,Investment
2010.371,Block,equiGrain,18.808,3.821,5.26,37.541,69.183,20.738,7.028,2.434,16,2,0,Bottom,Continuous
1039.704,Blade,equiGrain,9.814,0.634,5.856,7.35,66.681,22.258,9.847,1.91,0,0,0,Top,Die
1311.531,Valve,colGrain,12.791,4.449,8.593,1.582,58.364,23.179,14.144,3.615,19,0,0,Top,Die
721.071,Block,colGrain,9.86,1.714,2.224,19.833,49.956,39.944,8.076,2.113,0,2,0,Top,Investment
1583.5,Nozzle,equiGrain,17.765,2.508,4.861,51.563,54.33,30.526,12.804,2.248,18,4,0,Top,Continuous
1560.831,Block,colGrain,13.159,2.412,6.813,3.834,59.196,29.728,8.548,2.306,6,0,0,Top,Continuous
1254.295,Block,equiGrain,23.167,1.301,1.104,13.09,53.759,33.147,11.958,2.407,10,4,0,Top,Investment
1480.39,Blade,equiGrain,23.967,1.568,2.789,15.711,67.202,16.412,12.244,3.029,24,0,0,Bottom,Investment
1845.944,Valve,singleGrain,18.67,2.364,5.346,36.531,62.06,27.907,8.883,1.292,17,0,0,Bottom,Die
1561.187,Nozzle,singleGrain,13.021,1.287,9.874,41.14,68.001,14.065,15.175,3.579,8,0,0,Bottom,Die
1468.841,Blade,equiGrain,22.111,3.283,1.322,28.273,68.755,16.189,14.08,1.017,35,0,0,Top,Die
1135.587,Blade,singleGrain,28.335,1.187,8.961,31.479,66.967,12.246,19.277,1.264,35,0,0,Top,Continuous
1633.612,Nozzle,singleGrain,23.396,2.103,1.105,36.153,67.704,12.491,17.796,3.119,27,0,0,Top,Die
952.13,Blade,singleGrain,6.114,4.88,2.814,49.029,67.896,25.011,6.929,0.692,1,0,0,Bottom,Investment
980.226,Valve,singleGrain,29.397,2.081,5.807,2.633,56.71,21.049,17.827,3.39,26,0,0,Top,Investment
1087.024,Valve,singleGrain,10.047,3.867,6.824,32.399,60.584,28.509,6.153,4.816,1,0,0,Bottom,Continuous
1125.116,Nozzle,equiGrain,4.97,4.698,5.972,37.936,66.285,14.55,13.066,4.639,8,0,0,Top,Die
1151.262,Nozzle,singleGrain,28.683,0.586,6.161,18.305,62.341,28.238,7.544,0.812,35,0,0,Top,Continuous
1839.516,Blade,singleGrain,19.961,1.495,7.132,45.383,67.253,27.173,6.046,0.575,20,0,0,Bottom,Continuous
1692.874,Block,colGrain,22.55,1.981,4.931,36.151,62.791,29.988,5.784,2.976,23,0,0,Bottom,Investment
1494.989,Valve,equiGrain,21.057,4.887,8.328,14.191,63.187,25.468,9.074,1.718,22,0,0,Bottom,Die
1516.48,Valve,singleGrain,20.923,1.658,1.652,18.311,57.538,23.074,14.986,3.561,32,0,0,Top,Continuous
1797.283,Blade,singleGrain,17.253,1.396,5.164,19.735,56.724,32.86,5.906,4.299,25,0,0,Top,Die
1807.487,Blade,equiGrain,17.95,3.4,8.635,19.573,59.933,22.004,16.985,1.126,1,0,0,Top,Investment
1495.146,Valve,singleGrain,20.837,4.969,5.752,17.564,61.49,30.261,6.866,2.055,25,0,0,Bottom,Investment
1089.344,Valve,singleGrain,29.083,4.057,9.716,14.76,69.045,10.683,15.732,4.48,29,0,0,Bottom,Continuous
1483.21,Blade,colGrain,15.723,2.526,1.975,20.425,50.449,31.386,14.545,3.613,27,0,0,Top,Investment
787.946,Valve,singleGrain,9.029,3.885,7.989,30.067,53.046,35.132,7.734,4.728,1,0,0,Bottom,Continuous
962.657,Blade,colGrain,7.138,1.561,2.115,10.103,68.224,25.401,6.126,0.927,1,0,0,Bottom,Die
1077.344,Blade,equiGrain,25.55,4.006,9.847,19.8,57.934,24.038,14.753,3.597,12,0,0,Top,Investment
1120.014,Blade,equiGrain,9.167,2.143,1.368,31.238,64.151,23.186,7.935,4.352,1,0,0,Top,Die
1002.486,Blade,equiGrain,27.471,2.898,8.842,7.774,55.423,27.527,12.166,3.645,48,0,0,Top,Die
514.906,Valve,singleGrain,28.054,3.675,8.238,55.77,49.651,38.529,8.071,2.939,30,0,3,Bottom,Continuous
1922.841,Nozzle,singleGrain,16.18,2.743,5.959,46.8,66.994,11.919,18.503,2.375,17,0,0,Bottom,Die
2155.117,Block,singleGrain,18.697,3.035,5.164,27.739,61.485,16.353,17.532,3.843,18,0,0,Bottom,Investment
1414.124,Valve,colGrain,20.29,1.883,4.572,1.802,53.276,37.068,8.146,1.415,18,0,0,Bottom,Die
1403.917,Block,equiGrain,12.164,1.294,7.867,37.467,53.803,29.594,13.371,2.93,7,0,0,Bottom,Continuous
1567.442,Blade,colGrain,15.239,4.865,5.624,40.218,61.037,25.379,10.222,4.2,2,0,0,Top,Investment
930.86,Valve,colGrain,25.619,1.002,4.739,10.511,67.157,19.159,12.17,0.755,49,0,0,Top,Die
1680.706,Nozzle,equiGrain,13.06,3.713,3.72,29.275,64.172,21.197,11.277,3.72,10,4,0,Bottom,Continuous
1597.834,Block,equiGrain,20.705,4.802,2.343,29.365,68.222,9.584,19.054,2.243,40,0,0,Top,Die
1491.658,Nozzle,colGrain,24.366,0.706,1.179,27.41,67.596,10.564,17.773,4.798,25,0,0,Top,Investment
794.808,Valve,equiGrain,28.354,1.069,5.987,57.208,59.993,32.705,5.413,3.566,36,0,0,Bottom,Investment
1162.734,Nozzle,singleGrain,6.115,3.587,1.288,4.516,62.664,21.136,13.678,3.036,0,0,0,Top,Die
1744.284,Block,equiGrain,18.757,3.956,4.471,53.575,68.471,22.13,6.433,1.289,33,3,0,Top,Continuous
698.718,Blade,colGrain,7.061,0.995,9.65,58.613,59.643,31.553,9.301,1.046,0,0,0,Top,Continuous
544.015,Blade,equiGrain,7.104,1.072,2.679,44.729,50.394,27.441,17.086,4.952,4,4,0,Top,Continuous
1653.343,Valve,equiGrain,18.239,0.947,3.386,22.289,55.538,37.02,5.188,1.767,13,0,0,Bottom,Die
952.533,Block,singleGrain,25.541,3.834,1.647,51.711,54.924,21.12,19.254,4.653,30,0,0,Bottom,Die
1094.926,Nozzle,singleGrain,24.508,3.183,8.191,1.026,53.949,28.502,14.372,3.604,25,0,8,Bottom,Investment
2105.382,Block,singleGrain,16.063,4.286,7.235,21.914,62.264,23.929,10.523,3.911,22,0,0,Top,Continuous
1603.195,Blade,colGrain,13.165,3.379,8.323,18.171,64.676,25.243,6.996,3.852,10,0,0,Bottom,Die
1814.859,Blade,colGrain,15.686,2.857,3.219,16.631,62.147,24.598,13.355,1.122,15,0,0,Top,Die
1080.938,Block,equiGrain,28.542,1.47,6.126,41.472,58.246,29.657,9.791,1.005,25,0,0,Top,Die
1349.746,Blade,colGrain,21.007,4.644,5.695,11.731,55.382,29.807,12.613,2.126,38,0,0,Top,Investment
1591.86,Blade,singleGrain,16.089,4.594,3.738,42.367,51.462,28.013,17.168,2.896,18,0,0,Bottom,Die
1443.024,Block,singleGrain,24.348,4.915,6.85,11.423,67.384,16.24,14.449,1.256,34,0,6,Top,Die
1521.062,Block,equiGrain,24.478,3.732,1.949,42.366,56.797,34.556,6.917,1.212,24,0,0,Bottom,Continuous
1574.564,Blade,colGrain,22.18,3.309,3.765,14.987,63.912,25.186,9.614,1.618,23,0,0,Bottom,Die
991.513,Nozzle,equiGrain,6.922,1.109,1.814,30.984,55.159,22.636,17.509,3.647,2,4,0,Bottom,Continuous
748.01,Blade,equiGrain,29.27,2.056,5.332,5.301,50.931,31.813,13.709,3.512,36,4,0,Bottom,Continuous
1117.27,Blade,equiGrain,14.946,4.028,7.862,24.779,51.089,30.267,16.549,2.112,18,0,0,Top,Die
1656.338,Block,singleGrain,23.207,3.165,1.559,32.953,60.068,19.822,18.013,3.509,27,0,0,Bottom,Die
1035.845,Nozzle,singleGrain,27.095,4.284,6.241,39.872,55.428,22.095,19.026,3.643,38,0,0,Top,Die
1484.709,Valve,equiGrain,17.818,2.215,8.202,57.077,55.845,34.03,5.466,4.153,13,0,0,Top,Continuous
851.826,Nozzle,equiGrain,8.09,3.256,2.131,6.091,50.903,34.665,11.175,3.197,0,0,0,Top,Continuous
1130.193,Nozzle,singleGrain,7.956,1.925,7.607,24.257,56.207,24.047,15.112,3.301,3,0,0,Top,Continuous
1566.22,Nozzle,colGrain,22.803,4.79,5.073,19.712,62.84,16.191,18.94,0.854,14,0,0,Top,Die
729.945,Valve,equiGrain,29.927,1.577,3.939,59.617,70.329,9.095,18.235,3.11,33,0,0,Top,Investment
1033.799,Valve,singleGrain,11.967,1.283,8.223,40.919,49.742,27.884,18.365,2.911,13,0,0,Top,Die
831.641,Valve,equiGrain,9.818,1.447,3.002,24.908,54.321,24.194,18.164,3.065,0,0,0,Top,Investment
1960.076,Nozzle,singleGrain,19.318,2.962,4.096,36.636,58.82,24.392,13.468,2.618,18,0,0,Top,Die
1268.614,Block,singleGrain,10.194,3.561,4.961,22.005,60.19,30.159,6.959,3.138,2,0,0,Bottom,Investment
1443.393,Nozzle,equiGrain,13.911,0.876,6.564,3.245,60.96,30.079,6.305,1.977,9,0,0,Bottom,Investment
1951.559,Blade,equiGrain,19.621,4.219,8.883,16.98,63.618,28.427,7.192,1.631,20,1,0,Bottom,Continuous
1157.913,Block,equiGrain,6.115,3.647,6.489,29.344,61.691,31.769,6.788,1.401,0,0,0,Top,Die
1424.272,Valve,equiGrain,23.043,2.756,4.229,31.01,59.166,23.394,12.885,4.5,21,0,0,Bottom,Die
1332.941,Blade,singleGrain,17.881,4.977,5.238,8.808,52.094,35.074,12.36,1.554,30,0,8,Top,Die
1020.421,Valve,equiGrain,9.934,2.634,7.371,16.993,58.063,24.274,14.253,2.821,0,0,0,Top,Die
873.443,Valve,colGrain,25.82,3.522,6.108,58.762,65.687,15.688,15.584,2.455,30,3,0,Bottom,Continuous
1295.769,Valve,colGrain,19.15,1.694,8.146,22.62,52.088,34.636,12.925,0.777,19,4,0,Top,Die
926.314,Blade,equiGrain,29.276,2.053,3.439,25.661,55.626,28.41,13.572,0.822,25,0,0,Top,Die
1269.465,Blade,singleGrain,13.796,4.75,5.47,49.341,55.858,27.209,11.445,4.935,11,0,0,Bottom,Die
1300.953,Valve,singleGrain,11.133,4.869,8.997,53.441,60.376,22.684,14.705,2.079,10,0,0,Bottom,Investment
1073.276,Nozzle,equiGrain,13.846,2.559,9.263,31.62,52.354,37.434,9.374,1.548,12,4,0,Bottom,Investment
1534.606,Nozzle,colGrain,22.906,3.591,8.976,21.254,57.039,23.843,16.24,2.914,22,0,0,Top,Die
1234.667,Block,singleGrain,29.123,4.639,7.576,12.121,60.749,25.043,11.937,1.335,32,0,0,Bottom,Investment
1387.185,Valve,equiGrain,24.411,0.837,1.925,46.684,66.422,17.713,12.808,2.897,26,3,0,Bottom,Continuous
1655.914,Block,colGrain,21.006,0.569,7.708,44.529,66.946,19.733,10.429,2.406,15,1,0,Top,Continuous
697.642,Blade,colGrain,9.156,4.42,9.541,32.09,51.548,30.756,16.157,1.292,7,0,0,Top,Die
825.513,Nozzle,equiGrain,27.038,2.877,2.753,46.413,53.367,29.973,13.394,2.28,26,3,0,Top,Investment
1191.743,Nozzle,equiGrain,29.226,4.747,5.25,27.97,60.712,29.945,7.695,1.431,36,0,0,Top,Continuous
1262.701,Blade,singleGrain,9.815,4.124,6.723,22.249,64.048,25.292,7.916,2.928,2,0,0,Top,Continuous
1054.217,Nozzle,equiGrain,7.103,4.68,4.086,3.098,67.98,12.254,18.458,1.84,1,0,0,Top,Die
1007.032,Block,colGrain,5.911,4.711,2.452,57.389,65.623,11.881,19.977,2.082,4,0,0,Bottom,Investment
1513.989,Block,equiGrain,14.167,4.814,2.429,21.629,54.352,27.005,13.161,4.474,12,2,0,Bottom,Continuous
1415.835,Nozzle,colGrain,25.337,3.109,7.108,3.058,55.747,30.459,8.71,4.376,30,0,0,Top,Continuous
1104.456,Valve,singleGrain,6.057,4.803,3.148,31.381,65.146,20.431,11.894,2.123,1,0,0,Top,Die
1391.676,Blade,colGrain,13.009,0.797,7.022,36.126,61.776,23.707,13.06,1.136,2,0,0,Top,Die
1393.434,Valve,singleGrain,10.976,1.582,8.685,25.863,62.017,30.699,5.479,1.395,9,0,0,Bottom,Investment
1612.748,Blade,singleGrain,15.934,4.488,3.084,50.109,55.162,29.03,12.069,4.241,14,0,0,Top,Die
1684.148,Block,singleGrain,23.104,2.443,3.089,31.219,63.939,19.363,14.27,0.832,23,0,2,Bottom,Continuous
1260.302,Blade,singleGrain,10.823,4.775,8.01,46.408,57.852,21.882,18.25,2.642,9,0,4,Bottom,Die
1353.171,Blade,equiGrain,20.79,1.385,4.199,54.146,58.131,20.493,15.864,4.736,24,1,0,Bottom,Continuous
978.478,Valve,equiGrain,29.622,4.853,4.721,54.088,69.625,16.631,11.359,3.851,32,4,0,Bottom,Continuous
1560.389,Nozzle,colGrain,21.859,3.663,5.804,46.572,64.551,28.945,6.429,0.555,23,0,0,Bottom,Continuous
840.076,Block,singleGrain,27.398,1.894,6.153,5.117,49.674,39.769,6.668,3.164,26,0,0,Bottom,Die
1422.098,Valve,singleGrain,17.858,1.472,2.002,34.185,50.411,32.954,12.462,4.803,6,0,0,Top,Continuous
1186.199,Valve,singleGrain,14.775,1.601,7.05,4.651,54.299,31.354,10.507,2.482,28,0,0,Top,Investment
1204.002,Valve,singleGrain,23.038,0.803,8.638,2.619,57.054,26.592,16.989,0.791,25,0,0,Bottom,Continuous
1643.113,Block,equiGrain,16.673,4.454,8.042,14.518,52.02,38.141,5.99,4.338,24,4,0,Top,Continuous
1463.934,Blade,equiGrain,24.668,0.569,4.246,42.243,63.378,20.703,12.431,1.961,31,0,0,Top,Investment
1460.805,Valve,colGrain,21.384,3.74,1.675,5.572,67.596,20.393,10.419,2.433,30,0,0,Top,Die
923.824,Valve,singleGrain,29.031,2.397,6.756,35.132,58.603,23.205,13.681,4.941,32,0,0,Bottom,Investment
1721.388,Nozzle,equiGrain,13.945,4.454,4.736,31.726,62.445,28.256,5.641,4.377,10,0,0,Bottom,Continuous
1438.498,Block,equiGrain,20.841,1.331,6.08,40.482,56.771,25.909,16.33,0.879,25,0,0,Bottom,Continuous
989.121,Block,equiGrain,10.152,4.784,3.67,18.699,56.153,35.274,7.543,0.518,10,3,0,Top,Die
733.002,Blade,singleGrain,29.525,0.579,1.72,56.629,58.216,27.848,8.856,4.878,30,0,0,Bottom,Die
874.357,Blade,singleGrain,7.009,4.301,1.264,18.723,53.459,22.832,17.72,4.651,0,0,0,Bottom,Die
1444.49,Block,equiGrain,24.2,4.361,9.72,22.137,53.668,31.761,9.491,4.877,23,0,0,Bottom,Continuous
1125.956,Valve,singleGrain,23.584,1.283,8.183,1.03,54.569,28.616,13.371,4.573,20,0,0,Top,Continuous
1704.714,Valve,colGrain,16.026,2.847,9.302,46.769,65.139,20.296,13.952,0.993,18,2,0,Bottom,Continuous
1180.378,Nozzle,singleGrain,5.098,3.77,6.445,23.124,65.701,21.599,8.705,3.779,0,0,1,Top,Investment
1580.193,Blade,singleGrain,21.379,4.562,9.747,28.098,59.107,29.612,6.555,4.137,20,0,0,Top,Investment
1763.399,Valve,equiGrain,16.666,2.921,9.455,19.377,61.943,21.367,15.083,1.352,19,1,0,Bottom,Investment
1491.068,Nozzle,equiGrain,11.947,2.077,9.783,21.64,62.091,26.569,10.612,0.95,10,0,0,Bottom,Investment
1466.647,Block,singleGrain,21.133,1.472,7.419,51.946,62.909,24.188,9.739,4.098,23,0,5,Bottom,Investment
1590.4,Block,colGrain,12.143,4.243,9.935,45.123,60.578,27.764,7.364,4.703,7,0,0,Top,Continuous
968.488,Valve,colGrain,6.9,3.058,8.278,7.712,65.055,22.422,6.785,4.913,0,0,0,Bottom,Die
1174.092,Block,equiGrain,7.017,4.066,7.967,2.405,67.043,15.769,15.151,1.464,0,0,0,Bottom,Continuous
1569.208,Nozzle,equiGrain,24.914,4.669,3.29,5.738,67.939,23.139,5.073,4.055,22,0,0,Bottom,Die
1736.091,Block,equiGrain,20.956,4.951,4.269,33.503,60.72,15.879,19.661,4.091,20,0,0,Bottom,Die
1254.785,Blade,colGrain,21.41,1.315,9.171,58.939,61.077,24.655,9.548,4.764,29,1,0,Bottom,Continuous
971.288,Valve,singleGrain,30.189,3.71,1.847,3.222,66.082,12.443,16.861,3.968,33,0,5,Bottom,Investment
1482.383,Blade,equiGrain,21.856,2.892,9.586,7.747,58.844,17.335,19.518,4.082,25,0,0,Bottom,Investment
1184.431,Blade,equiGrain,26.195,5.044,9.754,25.279,65.026,27.999,7.086,0.683,35,0,0,Bottom,Continuous
1148.266,Block,equiGrain,30.371,2.791,7.478,33.925,68.74,19.227,7.918,4.598,10,4,0,Top,Die
1578.967,Block,equiGrain,17.236,2.369,6.421,51.166,52.909,29.164,14.788,4.131,19,0,0,Bottom,Investment
1217.796,Valve,singleGrain,11.872,2.208,1.393,21.709,53.012,28.326,14.534,4.435,15,0,0,Top,Continuous
1101.586,Valve,singleGrain,25.066,4.486,8.032,44.533,53.979,31.781,13.779,1.363,21,0,0,Top,Die
1568.164,Nozzle,singleGrain,15.082,2.804,3.349,52.562,65.459,16.372,16.042,2.742,13,0,0,Top,Continuous
1365.887,Block,colGrain,12.225,0.68,6.821,55.091,62.706,17.141,14.503,4.879,13,0,0,Top,Investment
1445.435,Valve,equiGrain,11.018,3.144,8.425,33.693,58.964,26.505,11.13,3.015,9,3,0,Bottom,Continuous
1379.046,Blade,singleGrain,13.999,2.329,9.702,21.964,54.466,23.273,18.548,3.1,11,0,0,Top,Die
1091.034,Nozzle,colGrain,6.045,3.813,3.175,42.157,58.823,22.735,15.036,2.064,2,0,0,Bottom,Investment
1701.365,Valve,colGrain,17.76,2.494,5.906,38.934,66.67,21.185,10.308,1.12,34,4,0,Top,Continuous
1761.463,Nozzle,singleGrain,17.246,3.871,5.335,48.38,57.471,26.474,13.659,0.827,31,0,0,Top,Die
1126.632,Nozzle,equiGrain,27.467,2.431,8.95,19.614,71.066,11.064,15.688,3.845,32,2,0,Bottom,Die
776.309,Block,colGrain,5.885,1.186,4.959,25.148,53.293,29.081,17.693,0.743,2,2,0,Bottom,Investment
1551.293,Blade,colGrain,20.75,2.154,3.153,33.395,60.011,17.583,18.803,2.031,23,1,0,Bottom,Die
1056.805,Valve,colGrain,9.852,4.019,9.23,38.146,62.425,22.911,10.994,4.123,16,3,0,Top,Continuous
1677.324,Valve,colGrain,18.314,4.431,5.013,57.746,59.359,28.364,8.455,3.417,16,0,0,Bottom,Continuous
1407.493,Nozzle,colGrain,24.058,2.251,4.773,56.545,57.693,31.717,6.676,3.217,22,0,0,Top,Die
1688.768,Valve,equiGrain,19.86,1.741,3.164,49.22,65.769,13.841,19.386,1.964,21,4,0,Bottom,Investment
1179.124,Nozzle,equiGrain,13.238,4.87,9.455,16.074,50.093,25.809,19.389,4.052,11,0,0,Bottom,Investment
1083.604,Valve,singleGrain,10.063,4.687,6.389,18.509,62.367,20.159,15.063,2.297,1,0,0,Bottom,Investment
864.778,Blade,equiGrain,26.726,4.763,6.093,58.024,67.314,16.148,16.42,1.068,31,0,0,Bottom,Investment
1045.909,Nozzle,colGrain,9.904,0.499,9.466,42.583,66.716,26.064,6.321,1.692,1,0,0,Bottom,Die
1142.528,Nozzle,colGrain,29.583,3.102,2.582,5.043,63.361,27.998,8.713,0.918,35,0,0,Top,Continuous
1356.815,Valve,colGrain,12.759,2.501,6.875,36.614,59.99,23.488,15.555,1.816,5,0,0,Top,Die
1088.913,Blade,singleGrain,25.159,4.807,1.872,50.433,52.26,26.228,19.918,1.153,27,0,0,Top,Die
867.968,Blade,colGrain,4.992,3.942,2.445,29.693,70.142,10.672,14.492,4.852,1,4,0,Bottom,Investment
1413.317,Valve,singleGrain,24.371,3.671,1.119,51.897,64.306,26.066,7.44,2.813,28,0,0,Top,Investment
1665.184,Block,equiGrain,11.937,4.207,2.028,30.079,66.902,8.888,18.805,4.686,7,0,0,Top,Continuous
1822.396,Valve,colGrain,16.846,1.654,1.867,17.663,58.724,16.536,19.1,4.704,20,0,0,Bottom,Continuous
1092.777,Valve,equiGrain,25.342,3.051,2.937,18.084,52.432,29.918,16.33,2.213,21,0,0,Top,Investment
1308.967,Blade,colGrain,12.107,3.704,5.357,39.985,52.276,34.019,7.988,4.297,10,0,0,Bottom,Continuous
2030.178,Block,equiGrain,16.668,2.298,4.645,50.059,62.777,26.441,6.157,3.287,16,0,0,Bottom,Die
1414.415,Valve,singleGrain,20.129,2.475,9.873,56.981,54.474,35.467,7.092,3.01,17,0,1,Top,Investment
1659.344,Block,colGrain,20.927,2.252,9.353,23.001,67.942,19.979,9.386,2.828,24,4,0,Bottom,Continuous
1120.927,Blade,singleGrain,4.935,4.737,2.475,39.613,58.603,21.743,15.058,3.727,0,0,0,Bottom,Die
858.604,Block,singleGrain,7.065,0.748,4.368,45.652,51.825,27.05,18.336,3.071,15,0,0,Top,Continuous
1679.903,Block,equiGrain,18.965,4.17,7.987,57.591,69.643,15.404,14.044,1.53,11,1,0,Top,Die
1275.839,Valve,equiGrain,14.153,4.556,4.335,45.39,55.189,30.359,10.33,3.974,10,0,0,Bottom,Die
1110.526,Blade,singleGrain,24.773,3.328,8.126,56.607,55.762,24.462,19.029,0.714,44,0,0,Top,Continuous
1204.044,Nozzle,colGrain,10.106,2.356,5.865,36.931,62.969,27.168,7.731,2.35,4,3,0,Top,Continuous
1972.971,Block,colGrain,15.987,3.014,4.741,34.239,63.832,25.522,8.959,1.144,31,2,0,Top,Die
487.545,Valve,singleGrain,6.967,2.078,9.222,51.127,50.373,29.092,17.938,2.862,0,0,0,Bottom,Investment
1446.295,Nozzle,singleGrain,24.594,3.045,6.878,50.114,58.62,28.287,10.007,1.67,28,0,0,Top,Investment
1874.472,Blade,colGrain,18.086,3.982,3.196,43.719,69.61,12.038,15.736,2.549,17,1,0,Bottom,Continuous
891.728,Valve,singleGrain,6.923,0.523,1.765,50.652,62.662,17.918,17.774,2.17,0,0,0,Top,Investment
1350.879,Valve,colGrain,21.002,4.065,1.982,19.2,56.03,32.301,6.325,4.317,22,2,0,Bottom,Die
1466.868,Valve,equiGrain,24.713,5.02,2.653,16.098,68.718,14.712,13.707,3.228,24,0,0,Bottom,Investment
1647.534,Nozzle,equiGrain,11.099,2.734,2.201,37.972,67.869,14.806,14.656,2.863,24,0,0,Top,Continuous
954.44,Block,colGrain,27.324,1.685,9.191,52.604,70.302,11.367,18.512,1.0,31,0,0,Bottom,Die
1402.917,Valve,equiGrain,24.363,1.872,9.388,32.161,68.836,13.919,13.924,2.887,28,0,0,Bottom,Investment
1046.485,Valve,singleGrain,27.991,4.198,1.54,9.67,67.219,15.4,15.695,2.777,32,0,2,Top,Investment
1606.007,Blade,equiGrain,15.182,4.027,6.974,40.132,64.362,23.114,7.977,3.239,1,0,0,Top,Die
1648.779,Block,colGrain,20.949,1.312,8.901,15.925,65.97,13.512,16.116,2.791,26,0,0,Top,Die
1049.576,Block,singleGrain,5.887,4.908,7.809,22.535,58.102,29.896,7.303,4.125,1,0,8,Bottom,Die
941.708,Valve,equiGrain,6.095,3.513,1.122,32.818,58.533,30.906,7.497,4.455,0,0,0,Bottom,Investment
1718.944,Blade,equiGrain,15.732,0.796,9.711,40.11,62.409,30.573,6.575,0.858,23,0,0,Bottom,Die
451.975,Blade,colGrain,10.093,2.878,1.764,58.74,52.466,31.657,13.322,3.716,0,4,0,Top,Die
1329.027,Blade,singleGrain,12.135,4.189,6.997,13.823,55.025,34.303,10.265,0.868,7,0,0,Bottom,Continuous
1067.181,Block,colGrain,14.824,0.866,4.773,52.063,52.098,39.797,5.992,1.746,10,0,0,Bottom,Investment
1052.677,Block,colGrain,29.826,1.356,1.853,19.111,57.013,27.004,12.537,4.07,34,0,0,Top,Die
1051.922,Valve,equiGrain,15.09,1.478,9.747,7.162,54.462,34.701,11.859,0.565,11,0,0,Bottom,Die
1078.167,Valve,colGrain,4.955,4.817,2.927,18.112,61.142,27.379,9.375,3.26,0,4,0,Bottom,Continuous
1377.369,Valve,singleGrain,12.773,2.839,2.3,16.126,61.545,19.661,17.15,1.858,7,0,3,Bottom,Investment
1536.068,Nozzle,colGrain,21.926,4.251,7.038,22.833,58.058,24.917,14.878,1.311,21,0,0,Bottom,Continuous
1884.017,Valve,colGrain,16.023,4.181,4.628,42.231,66.448,13.151,15.513,4.596,25,0,0,Bottom,Continuous
1836.117,Block,colGrain,19.125,1.676,6.469,58.287,62.516,23.676,9.364,3.67,19,1,0,Bottom,Die
887.591,Blade,colGrain,9.021,0.749,8.702,3.222,60.503,29.557,8.614,0.731,0,0,0,Bottom,Investment
1497.284,Valve,singleGrain,23.947,2.639,7.851,42.987,61.367,29.33,5.776,3.947,26,0,0,Bottom,Die
2029.495,Block,singleGrain,19.119,4.338,5.378,38.666,69.973,14.437,13.41,2.644,19,0,2,Bottom,Continuous
1699.636,Blade,colGrain,18.939,2.363,9.225,1.625,58.156,23.7,15.166,2.584,28,2,0,Top,Die
1512.523,Valve,colGrain,25.236,4.393,3.892,30.934,62.459,25.085,10.776,1.273,33,0,0,Top,Continuous
1909.856,Nozzle,colGrain,19.666,1.514,6.04,16.385,60.786,21.281,12.246,4.498,12,4,0,Top,Investment
1142.788,Blade,equiGrain,13.197,4.848,9.773,57.847,62.562,24.554,11.356,0.718,10,3,0,Bottom,Investment
1668.285,Block,singleGrain,21.887,3.57,5.079,51.182,62.934,22.484,10.857,3.454,23,0,0,Bottom,Die
1039.539,Nozzle,singleGrain,20.915,2.924,6.864,51.277,49.472,30.987,14.922,4.663,27,0,0,Top,Investment
1830.6,Block,colGrain,17.29,1.391,3.449,33.199,55.942,32.884,5.248,4.75,17,0,0,Bottom,Die
955.562,Block,equiGrain,29.996,3.771,6.048,58.544,59.145,30.894,7.486,3.491,29,0,0,Bottom,Investment
1664.208,Block,singleGrain,12.068,3.616,9.078,15.268,57.994,25.41,14.001,3.162,17,0,0,Top,Continuous
1367.68,Blade,equiGrain,16.798,1.198,3.158,20.055,50.567,31.486,17.029,0.925,23,0,0,Bottom,Investment
1003.204,Valve,colGrain,27.249,0.705,1.708,23.533,65.139,17.89,15.122,1.144,30,0,0,Bottom,Die
1149.095,Nozzle,singleGrain,29.703,1.96,5.004,13.146,58.134,29.812,10.198,2.187,31,0,0,Bottom,Continuous
1536.129,Blade,singleGrain,20.829,2.291,9.959,5.373,69.426,20.74,7.633,3.039,14,0,1,Top,Continuous
870.123,Blade,colGrain,28.286,2.337,7.495,16.781,53.304,25.698,15.809,4.72,21,0,0,Top,Die
1348.093,Block,equiGrain,13.788,3.915,1.202,35.077,54.612,26.949,17.358,0.59,5,0,0,Top,Investment
896.777,Valve,singleGrain,26.115,2.322,4.509,20.06,53.33,28.298,12.759,4.383,20,0,0,Bottom,Die
963.085,Nozzle,colGrain,26.915,2.688,6.13,51.576,66.469,14.492,18.512,0.527,29,3,0,Top,Die
943.296,Valve,singleGrain,26.148,0.613,6.537,32.567,69.944,21.471,8.099,1.658,30,0,1,Bottom,Investment
2083.133,Block,singleGrain,18.684,4.547,3.552,27.392,70.675,11.52,15.916,2.281,7,0,0,Top,Continuous
1613.101,Nozzle,singleGrain,15.979,3.93,1.299,53.256,57.951,34.891,6.424,0.564,10,0,0,Top,Investment
1483.547,Block,colGrain,13.141,1.866,6.921,54.665,64.715,18.633,11.68,4.738,11,0,0,Bottom,Die
1031.795,Block,colGrain,9.167,1.152,3.052,1.045,70.479,12.219,15.592,3.096,13,1,0,Top,Die
1572.586,Blade,colGrain,17.661,1.252,6.218,26.57,52.32,41.825,5.056,0.799,18,0,0,Top,Continuous
1395.797,Blade,colGrain,24.986,1.154,8.722,30.615,65.986,27.072,5.766,0.741,20,4,0,Bottom,Die
1163.346,Block,singleGrain,9.071,0.825,7.215,19.657,60.617,24.231,13.611,1.151,0,0,0,Top,Die
1027.773,Nozzle,colGrain,29.242,4.7,2.244,48.682,60.897,24.007,12.701,0.963,25,3,0,Top,Die
1352.438,Block,singleGrain,11.051,2.569,5.967,33.373,55.016,35.042,8.374,0.77,21,0,4,Top,Continuous
885.912,Nozzle,colGrain,28.522,2.163,6.437,7.236,53.98,26.085,17.353,1.651,28,0,0,Bottom,Investment
1607.617,Nozzle,equiGrain,17.711,2.404,3.374,30.901,52.374,30.162,14.8,2.834,19,3,0,Bottom,Investment
604.284,Nozzle,colGrain,9.984,2.601,1.774,59.556,53.674,28.432,15.363,1.012,13,0,0,Top,Die
975.255,Blade,equiGrain,9.879,1.287,9.564,34.32,68.168,11.906,15.836,4.73,4,4,0,Bottom,Die
1085.412,Nozzle,colGrain,10.115,2.001,8.669,33.145,61.922,17.145,18.064,3.929,0,4,0,Bottom,Investment
1840.607,Nozzle,colGrain,17.947,2.169,9.451,12.104,61.732,25.421,11.957,0.968,29,0,0,Top,Investment
1090.439,Blade,colGrain,12.832,4.462,6.092,25.105,50.285,35.016,14.192,0.782,19,0,0,Top,Continuous
897.105,Nozzle,colGrain,25.766,2.035,1.794,33.348,51.689,36.753,8.05,3.279,24,3,0,Bottom,Continuous
1157.144,Blade,singleGrain,6.088,0.921,4.435,29.184,64.727,15.486,18.949,2.571,2,0,0,Bottom,Die
1664.09,Nozzle,equiGrain,18.194,0.978,6.052,57.875,70.414,18.261,8.671,3.7,8,0,0,Top,Die
1080.315,Nozzle,equiGrain,28.671,2.077,6.754,30.787,58.05,25.453,11.754,4.474,43,0,0,Top,Investment
837.084,Blade,colGrain,4.935,4.916,3.789,38.806,53.176,27.506,14.458,4.337,6,0,0,Top,Die
1917.755,Block,equiGrain,17.924,3.793,4.687,16.725,63.797,27.549,7.943,1.222,11,4,0,Top,Investment
1094.772,Nozzle,colGrain,13.2,5.079,1.4,49.564,51.145,40.263,5.972,2.023,10,2,0,Bottom,Continuous
1229.647,Block,colGrain,5.045,4.688,7.539,3.797,67.452,13.646,15.406,3.96,1,1,0,Bottom,Continuous
929.453,Valve,equiGrain,5.037,4.887,1.065,48.817,69.287,20.381,8.04,2.798,4,0,0,Top,Die
1653.034,Valve,equiGrain,15.789,3.959,7.017,59.132,62.963,22.766,11.42,4.206,16,0,0,Bottom,Continuous
1307.619,Blade,singleGrain,23.56,4.748,2.394,7.549,54.326,32.887,8.718,4.1,24,0,0,Bottom,Die
1951.611,Nozzle,singleGrain,15.839,4.729,8.12,10.794,66.817,20.777,9.843,2.455,18,0,0,Bottom,Investment
2096.734,Nozzle,singleGrain,19.18,2.803,4.718,35.998,63.536,16.752,15.246,4.057,21,0,2,Top,Continuous
1598.1,Blade,equiGrain,22.34,1.173,9.501,20.868,64.75,19.758,11.718,3.192,61,0,0,Top,Continuous
935.786,Blade,equiGrain,28.202,0.694,3.95,33.388,55.786,36.216,5.87,2.501,32,0,0,Bottom,Die
1813.529,Blade,colGrain,16.196,4.092,3.881,15.904,60.502,26.995,11.382,1.564,10,0,0,Top,Die
1251.574,Blade,equiGrain,12.935,1.88,2.506,41.974,55.361,21.564,17.881,4.691,9,0,0,Top,Investment
2038.823,Block,equiGrain,20.017,4.318,7.041,25.653,61.014,26.244,10.105,2.16,20,3,0,Bottom,Continuous
1036.87,Block,colGrain,27.513,1.872,3.939,46.06,56.798,24.042,15.117,4.943,37,0,0,Top,Continuous
1578.977,Valve,singleGrain,16.021,3.405,6.736,28.354,53.691,33.617,8.789,4.466,19,0,0,Bottom,Die
1075.256,Blade,colGrain,9.947,1.029,1.546,8.796,65.99,13.012,16.69,2.99,0,0,0,Top,Die
915.831,Block,equiGrain,5.061,4.08,6.156,14.551,52.602,36.586,8.818,1.366,3,0,0,Bottom,Continuous
1429.411,Nozzle,singleGrain,13.755,1.3,4.76,53.548,66.67,12.895,16.361,4.036,11,0,1,Bottom,Die
1684.849,Valve,equiGrain,18.232,1.304,6.837,7.628,60.02,29.563,8.254,1.235,25,0,0,Top,Investment
935.566,Nozzle,singleGrain,5.056,4.726,8.892,15.974,55.894,27.573,14.515,1.347,5,0,0,Top,Die
1499.575,Nozzle,colGrain,12.922,4.634,3.853,18.019,57.061,24.784,15.094,2.499,6,0,0,Top,Die
1452.616,Valve,colGrain,23.457,2.849,3.089,30.94,59.634,31.376,5.743,1.71,30,4,0,Top,Continuous
1069.558,Blade,equiGrain,10.145,1.189,7.892,15.428,67.251,25.452,5.201,2.893,0,3,0,Top,Die
720.921,Valve,singleGrain,27.372,1.482,6.999,54.583,57.819,24.541,17.74,0.892,27,0,0,Bottom,Die
1210.784,Block,equiGrain,9.81,2.026,4.131,35.437,67.728,18.491,9.456,3.4,2,0,0,Bottom,Investment
1578.546,Valve,equiGrain,17.658,4.941,6.689,50.179,68.919,15.884,14.016,0.971,10,4,0,Top,Die
1529.921,Valve,singleGrain,19.784,4.254,7.909,23.224,55.473,32.694,7.405,4.919,17,0,6,Top,Continuous
1785.223,Block,singleGrain,22.3,2.125,5.039,43.877,65.578,13.093,16.832,3.547,27,0,0,Bottom,Continuous
1660.529,Nozzle,singleGrain,10.879,1.602,2.357,35.605,66.303,12.816,18.327,3.339,26,0,0,Top,Continuous
1455.925,Valve,colGrain,14.145,2.721,8.538,13.324,64.462,11.876,18.682,4.415,17,1,0,Top,Investment
1369.938,Valve,colGrain,25.183,2.381,9.584,2.198,63.517,17.32,17.58,2.407,34,2,0,Top,Die
1248.47,Nozzle,colGrain,30.413,3.007,1.981,28.611,60.695,23.378,11.825,2.839,19,0,0,Top,Investment
1432.938,Valve,singleGrain,22.166,1.222,5.531,34.734,66.86,21.113,9.399,1.886,22,0,0,Top,Investment
943.689,Nozzle,colGrain,10.158,3.272,2.042,14.728,56.329,26.814,15.441,1.541,5,0,0,Top,Investment
895.616,Nozzle,colGrain,26.945,2.517,5.732,39.822,52.518,32.739,12.198,3.781,27,0,0,Top,Investment
1026.651,Nozzle,singleGrain,10.157,3.229,6.122,12.278,60.823,25.84,10.286,2.496,0,0,8,Bottom,Die
1059.876,Nozzle,colGrain,14.916,1.197,9.353,48.788,51.592,41.258,6.051,2.518,7,2,0,Top,Die
1403.364,Valve,equiGrain,14.72,4.946,9.145,24.826,68.585,11.857,15.198,3.657,0,1,0,Top,Investment
925.573,Nozzle,colGrain,7.985,0.569,1.682,42.329,57.679,23.1,17.328,1.839,5,0,0,Top,Investment
1790.739,Valve,equiGrain,19.22,2.224,3.917,26.841,60.906,16.375,18.963,4.539,18,0,0,Bottom,Investment
1592.325,Blade,equiGrain,22.608,2.457,4.267,17.95,63.285,17.978,16.883,1.613,20,0,0,Top,Continuous
1224.024,Block,singleGrain,14.777,2.866,7.41,5.471,50.184,28.786,15.69,4.443,11,0,0,Top,Investment
1449.401,Block,colGrain,16.918,0.744,8.594,57.01,53.759,38.348,6.742,0.78,25,0,0,Top,Continuous
916.364,Blade,colGrain,26.979,0.563,7.476,48.246,61.235,18.531,19.904,1.012,31,1,0,Bottom,Die
723.855,Blade,colGrain,5.054,5.001,9.578,16.342,51.545,38.608,6.163,3.787,3,2,0,Bottom,Investment
1179.408,Block,colGrain,26.248,1.66,10.061,52.298,63.819,25.79,6.184,3.906,35,2,0,Top,Die
856.089,Valve,colGrain,5.065,2.25,4.308,45.069,59.686,21.018,18.841,1.092,0,0,0,Top,Investment
1258.697,Valve,equiGrain,22.883,4.711,5.477,9.76,54.009,29.365,12.879,2.943,19,0,0,Bottom,Die
1719.043,Nozzle,singleGrain,19.807,3.264,6.647,6.313,54.56,31.803,12.406,0.745,12,0,0,Bottom,Die
1164.257,Block,colGrain,26.525,4.464,2.77,1.775,70.095,9.791,16.772,4.062,24,0,0,Bottom,Investment
1836.23,Block,colGrain,18.308,4.557,3.591,38.567,56.294,34.671,6.002,2.806,14,4,0,Bottom,Investment
819.477,Nozzle,singleGrain,6.082,1.808,1.442,21.281,52.413,31.512,12.334,3.912,3,0,4,Bottom,Continuous
1652.036,Nozzle,equiGrain,19.937,2.131,6.579,20.323,51.787,34.238,10.936,3.056,21,0,0,Bottom,Continuous
1180.349,Block,colGrain,7.925,4.762,1.355,34.426,67.242,19.395,8.936,4.816,0,1,0,Top,Die
1023.93,Valve,colGrain,8.066,3.665,6.913,11.263,64.972,16.091,14.132,4.008,3,3,0,Bottom,Die
890.802,Valve,colGrain,7.891,4.81,8.954,25.611,54.858,25.375,14.771,4.589,1,1,0,Bottom,Continuous
758.438,Valve,colGrain,28.044,2.332,2.103,39.196,54.688,35.161,9.112,1.875,25,1,0,Bottom,Investment
1441.855,Blade,colGrain,15.825,1.081,7.939,16.885,52.764,39.658,5.971,1.568,31,0,0,Top,Die
1477.613,Valve,singleGrain,14.052,4.108,4.042,42.43,68.99,22.394,4.938,3.2,9,0,0,Bottom,Continuous
1695.285,Blade,singleGrain,15.723,2.992,1.849,3.531,55.097,23.696,17.326,3.358,29,0,0,Top,Investment
1838.395,Valve,equiGrain,15.992,3.952,5.513,40.004,67.806,18.083,9.944,3.251,16,0,0,Top,Die
1233.892,Blade,colGrain,23.599,3.009,3.246,57.467,60.396,18.313,18.769,2.185,26,3,0,Bottom,Investment
1007.072,Blade,singleGrain,8.076,1.101,8.048,42.965,62.102,27.849,5.409,4.676,4,0,3,Top,Continuous
1025.059,Valve,colGrain,26.457,0.76,9.412,22.801,61.537,29.111,7.293,1.467,27,4,0,Top,Continuous
1764.96,Blade,colGrain,18.846,4.396,6.234,27.796,57.041,20.69,19.886,2.587,16,2,0,Top,Die
505.585,Valve,colGrain,6.043,3.691,1.526,28.339,50.954,41.528,5.816,1.269,2,4,0,Bottom,Investment
1383.657,Valve,singleGrain,12.125,4.546,8.985,38.692,62.022,28.695,9.961,0.965,16,0,0,Top,Investment
1721.583,Valve,singleGrain,18.802,1.648,8.013,4.871,54.976,32.705,8.604,2.81,8,0,0,Top,Continuous
983.712,Nozzle,singleGrain,6.046,1.603,8.984,12.142,54.463,21.573,20.251,3.348,1,0,0,Top,Die
1822.31,Block,colGrain,18.772,3.96,8.205,57.805,65.616,25.919,6.135,1.885,20,0,0,Top,Continuous
1894.036,Valve,singleGrain,16.954,4.708,4.321,28.151,63.787,20.732,12.494,2.979,16,0,3,Bottom,Continuous
1406.127,Blade,colGrain,11.991,1.88,3.761,27.116,69.595,20.845,5.662,5.086,12,0,0,Top,Die
996.827,Blade,colGrain,6.002,4.756,4.706,19.966,66.297,13.502,18.044,0.956,0,3,0,Bottom,Die
1561.796,Valve,singleGrain,18.109,4.751,9.34,41.422,53.907,30.173,13.826,1.707,21,0,0,Top,Investment
1084.69,Nozzle,singleGrain,8.138,2.779,7.302,48.284,65.808,23.97,8.292,1.025,2,0,0,Bottom,Continuous
754.437,Block,singleGrain,10.183,0.661,7.937,45.506,51.257,32.335,12.088,4.341,1,0,0,Bottom,Investment
1630.528,Blade,equiGrain,24.449,4.043,1.886,37.908,64.338,13.478,17.491,3.368,23,1,0,Bottom,Continuous
1509.211,Block,equiGrain,24.677,3.492,1.662,56.371,60.779,21.476,13.657,3.023,51,0,0,Top,Continuous
1210.106,Nozzle,equiGrain,25.783,2.481,8.645,50.301,62.489,25.51,8.918,2.701,26,0,0,Bottom,Continuous
1607.134,Block,colGrain,21.582,2.55,9.391,44.987,67.948,10.409,18.378,4.224,19,0,0,Bottom,Die
1170.984,Valve,equiGrain,25.614,4.331,5.552,1.691,63.874,26.031,5.48,3.142,30,0,0,Bottom,Continuous
1395.99,Nozzle,singleGrain,14.827,2.24,2.995,32.383,53.506,36.851,6.487,3.928,11,0,0,Top,Continuous
1715.298,Block,colGrain,23.106,3.918,2.008,30.45,66.712,19.031,12.331,3.262,29,0,0,Top,Die
1386.847,Nozzle,singleGrain,27.628,2.241,4.88,37.898,64.533,27.616,5.683,3.876,30,0,0,Bottom,Continuous
1130.572,Valve,equiGrain,7.94,1.724,7.038,21.117,64.246,17.047,15.429,3.426,2,0,0,Top,Continuous
1543.873,Blade,singleGrain,24.296,4.591,3.3,32.185,59.73,27.819,9.513,2.567,27,0,0,Top,Investment
769.818,Block,singleGrain,6.894,1.869,2.755,33.217,51.728,41.223,5.723,1.244,5,0,0,Bottom,Investment
754.442,Valve,singleGrain,10.114,2.378,8.515,59.081,59.895,28.323,10.285,2.496,1,0,0,Bottom,Die
926.257,Block,colGrain,5.922,1.151,4.947,31.646,54.194,35.507,7.252,1.597,2,0,0,Bottom,Investment
1609.036,Block,singleGrain,22.93,2.4,9.888,54.025,61.351,23.405,10.625,3.466,28,0,0,Bottom,Die
1397.464,Blade,colGrain,10.98,4.453,3.614,14.658,56.713,27.211,14.635,2.243,35,0,0,Top,Continuous
1825.977,Block,singleGrain,19.032,2.593,3.521,45.246,54.162,34.916,6.063,4.292,19,0,0,Bottom,Investment
794.004,Valve,equiGrain,6.078,3.391,5.997,4.392,53.942,30.491,12.723,2.621,2,0,0,Top,Die
1294.484,Valve,singleGrain,18.968,0.988,6.379,58.027,57.439,26.91,16.191,1.086,18,0,6,Bottom,Continuous
1183.504,Nozzle,colGrain,29.684,4.88,9.815,7.694,67.436,19.789,12.491,1.564,20,0,0,Top,Continuous
1938.056,Nozzle,equiGrain,17.195,4.67,3.876,25.354,68.407,20.886,7.729,1.687,11,0,0,Bottom,Continuous
1893.296,Blade,equiGrain,16.173,4.006,7.591,31.243,65.477,23.575,6.753,4.159,18,0,0,Bottom,Investment
1142.918,Blade,singleGrain,29.492,3.154,7.027,7.594,57.176,22.334,16.793,3.045,32,0,0,Top,Continuous
945.482,Valve,singleGrain,8.934,4.667,5.758,15.845,56.099,28.039,12.41,2.65,0,0,0,Bottom,Die
1642.846,Block,colGrain,16.069,4.694,1.612,41.36,51.962,36.277,10.384,1.444,28,3,0,Top,Continuous
1904.809,Nozzle,colGrain,17.307,1.069,9.477,16.893,65.417,13.27,15.977,4.761,19,0,0,Bottom,Investment
1247.502,Block,equiGrain,7.85,3.11,3.541,18.771,65.369,13.852,18.947,2.911,2,3,0,Top,Die
1595.286,Nozzle,equiGrain,13.112,4.018,2.423,8.652,58.992,30.276,8.138,2.674,10,0,0,Bottom,Continuous
1359.992,Block,colGrain,25.15,2.781,8.045,51.223,57.149,34.406,7.129,0.768,23,0,0,Bottom,Investment
1397.344,Nozzle,equiGrain,23.549,2.303,3.008,50.431,63.657,18.441,15.301,1.193,43,0,0,Top,Die
779.881,Nozzle,colGrain,4.938,4.927,4.074,35.382,50.406,38.49,6.368,3.631,2,2,0,Top,Investment
1236.207,Nozzle,singleGrain,10.129,3.686,9.814,13.483,67.686,10.059,18.74,4.517,0,0,0,Bottom,Continuous
1576.954,Valve,singleGrain,19.94,4.762,5.538,10.041,51.427,24.652,19.497,3.929,7,0,0,Top,Die
1439.015,Valve,colGrain,13.098,3.839,5.976,48.991,68.355,21.704,6.697,3.821,10,0,0,Bottom,Continuous
1209.306,Nozzle,equiGrain,29.321,4.691,9.722,34.147,59.59,32.022,5.925,1.853,22,0,0,Top,Continuous
1498.329,Valve,colGrain,22.576,3.676,7.267,32.605,66.78,20.352,10.4,2.67,25,0,0,Bottom,Die
1199.349,Blade,equiGrain,14.08,2.818,8.132,59.136,58.32,22.473,16.823,2.956,10,0,0,Bottom,Investment
2076.483,Block,colGrain,16.79,3.538,4.899,16.43,62.911,26.696,7.067,2.811,5,0,0,Top,Investment
1669.291,Valve,colGrain,16.749,1.617,8.509,28.044,70.493,20.033,9.324,1.798,20,0,0,Bottom,Investment
2119.637,Nozzle,equiGrain,18.65,2.002,2.504,27.086,65.809,24.699,6.661,3.492,13,0,0,Top,Continuous
930.293,Block,colGrain,28.372,1.397,9.378,56.002,58.659,21.371,17.579,1.837,27,0,0,Top,Die
1710.435,Nozzle,singleGrain,15.918,3.435,9.832,49.791,54.42,23.341,19.463,3.039,13,0,0,Bottom,Continuous
1688.38,Block,singleGrain,15.066,4.69,5.273,36.984,60.382,17.199,18.858,3.09,24,0,0,Top,Die
1285.705,Valve,colGrain,21.672,0.794,9.685,53.578,59.423,25.947,10.496,3.392,33,0,0,Top,Investment
805.819,Blade,equiGrain,28.14,0.578,4.142,53.488,58.293,27.551,10.945,4.775,40,0,0,Bottom,Die
1623.096,Block,singleGrain,20.853,2.816,8.057,19.788,61.461,25.258,12.88,0.514,25,0,0,Bottom,Investment
1857.79,Blade,colGrain,19.749,3.382,7.873,5.737,63.929,23.43,8.665,3.99,23,4,0,Bottom,Investment
1715.614,Block,equiGrain,14.928,2.44,6.674,16.248,66.005,20.415,9.071,3.629,4,4,0,Top,Continuous
849.092,Blade,singleGrain,28.114,3.623,1.083,35.315,53.915,23.773,19.682,2.102,32,0,5,Top,Continuous
1428.622,Nozzle,singleGrain,15.207,1.591,2.207,40.496,70.904,6.724,19.595,3.996,12,0,3,Top,Die
1686.201,Blade,colGrain,16.107,0.742,6.6,19.33,55.806,31.819,8.744,4.535,31,0,0,Top,Continuous
1478.393,Valve,equiGrain,18.03,2.897,5.871,40.641,50.269,32.046,14.986,2.117,8,0,0,Top,Continuous
1169.222,Block,colGrain,12.135,2.936,3.615,51.988,52.509,28.495,16.412,1.469,9,0,0,Bottom,Die
1395.767,Block,colGrain,12.203,0.985,7.283,6.919,55.321,32.464,8.14,3.961,10,0,0,Bottom,Die
956.579,Valve,singleGrain,24.2,4.439,7.87,59.786,51.612,31.97,11.649,3.869,30,0,0,Bottom,Continuous
1538.671,Nozzle,equiGrain,14.977,1.519,1.98,27.01,65.561,15.452,17.562,1.925,10,0,0,Bottom,Die
1135.513,Block,singleGrain,14.028,2.75,6.588,58.61,51.806,40.306,5.401,1.675,9,0,0,Top,Continuous
1196.711,Nozzle,singleGrain,27.181,1.827,1.498,1.069,64.684,25.425,8.619,1.472,14,0,0,Top,Continuous
1275.408,Valve,equiGrain,17.323,2.128,1.665,54.903,51.868,35.487,7.829,4.485,8,0,0,Top,Die
1409.033,Valve,singleGrain,11.138,1.366,2.891,31.06,67.17,20.781,9.75,1.037,7,0,0,Bottom,Continuous
1435.788,Valve,equiGrain,14.988,3.642,5.534,48.302,66.755,19.933,10.719,3.188,9,0,0,Bottom,Investment
1075.6,Nozzle,colGrain,26.813,0.781,4.895,51.245,61.559,23.772,12.369,1.238,25,0,0,Top,Continuous
1621.661,Block,equiGrain,22.865,2.044,9.178,44.226,62.788,30.094,5.734,0.711,24,0,0,Bottom,Continuous
1017.698,Nozzle,singleGrain,10.102,1.602,7.655,7.285,66.745,19.55,12.236,0.554,0,0,0,Bottom,Die
1208.632,Nozzle,colGrain,20.798,2.356,9.018,19.366,51.724,35.111,11.157,2.441,20,1,0,Bottom,Die
1447.236,Nozzle,colGrain,20.679,3.373,3.003,50.613,59.032,25.344,13.839,1.912,23,3,0,Bottom,Continuous
1350.491,Nozzle,singleGrain,10.911,2.787,1.297,50.876,68.503,17.889,12.476,1.379,9,0,0,Bottom,Die
1234.582,Blade,equiGrain,10.127,4.919,2.127,16.291,64.969,15.02,16.777,4.198,1,0,0,Bottom,Continuous
1595.969,Nozzle,equiGrain,25.159,3.875,7.233,23.726,62.72,16.658,16.657,4.787,8,1,0,Top,Continuous
1041.801,Blade,colGrain,10.13,1.771,7.114,25.995,60.541,20.345,15.754,3.565,0,4,0,Bottom,Die
1849.801,Valve,singleGrain,17.814,3.574,2.119,7.341,61.705,26.914,5.635,4.602,18,0,0,Top,Investment
982.695,Valve,colGrain,13.225,0.867,5.388,46.034,51.893,28.559,15.088,4.538,10,0,0,Bottom,Investment
1141.463,Nozzle,equiGrain,28.092,3.252,9.322,42.109,60.805,32.062,6.496,1.295,34,2,0,Bottom,Continuous
1197.067,Block,singleGrain,9.93,2.057,6.852,46.006,58.616,26.506,12.433,2.519,2,0,0,Bottom,Continuous
1374.902,Blade,colGrain,22.242,4.586,3.23,27.82,55.58,37.889,4.951,1.034,23,0,0,Bottom,Investment
1391.355,Nozzle,equiGrain,14.734,1.54,6.583,40.277,56.439,28.162,12.804,1.607,10,0,0,Bottom,Die
1925.92,Blade,singleGrain,19.899,2.955,9.159,30.204,59.705,31.366,5.736,3.459,19,0,0,Top,Investment
1331.946,Valve,singleGrain,13.118,4.673,3.363,4.488,68.47,11.568,17.513,1.648,14,0,0,Top,Die
1066.967,Block,singleGrain,25.89,3.696,5.051,44.891,53.142,35.713,7.566,4.204,10,0,0,Top,Continuous
1039.602,Blade,equiGrain,23.846,1.319,7.421,1.763,52.288,27.829,18.765,2.153,22,0,0,Bottom,Investment
1481.297,Valve,singleGrain,13.008,2.426,7.24,45.128,63.384,17.928,13.304,4.375,17,0,0,Top,Die
1558.654,Nozzle,singleGrain,12.107,4.646,9.474,45.105,63.029,21.363,11.113,4.489,10,0,0,Bottom,Die
1365.119,Block,singleGrain,24.997,2.216,6.418,16.069,52.033,32.416,13.42,2.61,26,0,0,Bottom,Continuous
1410.783,Nozzle,singleGrain,21.748,4.814,3.248,54.408,57.825,24.848,14.523,1.468,14,0,0,Top,Continuous
861.896,Blade,colGrain,26.838,3.993,9.724,4.778,54.027,37.341,6.276,1.997,31,0,0,Bottom,Investment
1085.579,Nozzle,equiGrain,9.128,2.378,8.331,50.919,64.234,22.933,8.531,4.362,8,0,0,Top,Continuous
1100.562,Blade,singleGrain,24.667,1.409,9.61,33.15,50.273,28.689,17.905,1.998,29,0,0,Bottom,Die
1011.504,Valve,singleGrain,8.898,4.138,4.404,44.918,65.546,22.951,10.256,1.965,0,0,0,Bottom,Investment
996.148,Block,colGrain,27.06,4.05,6.109,29.221,53.469,37.641,6.742,0.848,45,0,0,Top,Continuous
1423.671,Blade,singleGrain,25.194,1.746,3.581,57.073,62.832,25.849,6.724,4.488,26,0,0,Top,Continuous
787.591,Block,equiGrain,8.153,2.868,9.044,46.389,52.234,38.178,8.148,2.174,0,0,0,Top,Investment
1082.219,Block,singleGrain,28.51,1.56,5.959,18.879,57.409,31.702,6.402,4.875,35,0,0,Top,Investment
2044.258,Block,singleGrain,18.873,0.933,3.8,34.737,60.648,26.678,7.542,4.383,18,0,0,Bottom,Die
1249.526,Valve,colGrain,19.15,4.858,8.278,56.718,51.371,32.234,13.016,3.64,31,0,0,Top,Investment
1380.978,Blade,singleGrain,24.447,1.842,4.811,1.881,56.324,31.79,7.904,3.824,31,0,0,Top,Investment
1563.597,Nozzle,singleGrain,21.766,1.481,2.139,26.677,68.342,13.196,16.605,2.352,22,0,0,Bottom,Investment
1416.663,Nozzle,colGrain,11.95,3.895,6.144,44.32,56.607,33.371,8.084,1.452,10,0,0,Bottom,Continuous
1169.718,Block,colGrain,30.234,1.378,7.713,26.617,58.107,19.502,18.953,2.444,25,1,0,Top,Investment
1250.704,Block,equiGrain,5.055,2.192,5.367,30.05,59.574,30.106,7.278,2.281,0,0,0,Top,Continuous
1033.441,Valve,singleGrain,6.868,3.664,5.665,15.354,68.49,21.092,9.509,1.742,10,0,0,Top,Die
1017.647,Valve,colGrain,7.107,3.965,2.45,35.298,66.488,18.674,10.795,4.271,0,3,0,Top,Die
